Hochschulkurzname;Hochschulname;Hochschultyp;Trägerschaft;Bundesland;Anzahl Studierende;Gründungsjahr;Promotionsrecht;Habilitationsrecht;Straße;Postleitzahl (Hausanschrift);Ort (Hausanschrift);Home Page
Aachen FH;Fachhochschule Aachen;Fachhochschulen / HAW;öffentlich-rechtlich;Nordrhein-Westfalen;14086;1971;Nein;Nein;Bayernallee 11;52066;Aachen;http://www.fh-aachen.de
Aachen TH;Rheinisch-Westfälische Technische Hochschule Aachen;Universitäten;öffentlich-rechtlich;Nordrhein-Westfalen;45527;1870;Ja;Ja;Templergraben 55;52062;Aachen;https://www.rwth-aachen.de
Aalen H;Hochschule Aalen - Technik und Wirtschaft;Fachhochschulen / HAW;öffentlich-rechtlich;Baden-Württemberg;4559;1962;Nein;Nein;Beethovenstraße 1;73430;Aalen;http://www.hs-aalen.de
Albstadt-Sigmaringen H;Hochschule Albstadt-Sigmaringen;Fachhochschulen / HAW;öffentlich-rechtlich;Baden-Württemberg;2666;1971;Nein;Nein;Anton-Günther-Straße 51;72488;Sigmaringen;www.hs-albsig.de
Alfter HfKuG;Alanus Hochschule für Kunst und Gesellschaft;Künstlerische Hochschulen;privat, staatlich anerkannt;Nordrhein-Westfalen;1564;1973;Ja;Nein;Villestraße 3;53347;Alfter;https://www.alanus.edu/de/home
Amberg-Weiden OTH;Ostbayerische Technische Hochschule Amberg-Weiden;Fachhochschulen / HAW;öffentlich-rechtlich;Bayern;4077;1994;Ja;Nein;Kaiser-Wilhelm-Ring 23;92224;Amberg;http://www.oth-aw.de/
Anhalt H;Hochschule Anhalt - Anhalt University of Applied Sciences;Fachhochschulen / HAW;öffentlich-rechtlich;Sachsen-Anhalt;7067;1991;Ja;Nein;Bernburger Straße 55;06366;Köthen;http://www.hs-anhalt.de
Ansbach H;Hochschule für angewandte Wissenschaften Ansbach;Fachhochschulen / HAW;öffentlich-rechtlich;Bayern;3898;1996;Ja;Nein;Residenzstraße 8;91522;Ansbach;http://www.hs-ansbach.de
Aschaffenburg TH;Technische Hochschule Aschaffenburg;Fachhochschulen / HAW;öffentlich-rechtlich;Bayern;3559;1995;Nein;Nein;Würzburger Straße 45;63743;Aschaffenburg;http://www.th-ab.de
Augsburg TH;Technische Hochschule Augsburg;Fachhochschulen / HAW;öffentlich-rechtlich;Bayern;7025;1710;Nein;Nein;An der Hochschule 1;86161;Augsburg;https://www.tha.de/
Augsburg U;Universität Augsburg;Universitäten;öffentlich-rechtlich;Bayern;19089;1970;Ja;Ja;Universitätsstraße 2;86159;Augsburg;http://www.uni-augsburg.de
Backnang EHIP;EHIP - Europäische Hochschule für Innovation und Perspektive;Fachhochschulen / HAW;privat, staatlich anerkannt;Baden-Württemberg;;2022;Nein;Nein;Willy-Brandt-Platz 2;71522;Backnang;https://www.ehip.eu/
Baden-Württemberg HfPol (Verw);Hochschule für Polizei Baden-Württemberg;Verwaltungshochschule;öffentlich-rechtlich;Baden-Württemberg;2337;;Nein;Nein;Sturmbühlstraße 250;78054;Villingen-Schwenningen;https://www.hfpol-bw.de/index.php/villingen-schwenningen
Baden-Württemberg HRecht (Verw);Hochschule für Rechtspflege Schwetzingen;Verwaltungshochschule;öffentlich-rechtlich;Baden-Württemberg;716;1953;Nein;Nein;Karlsruher Straße 2;68723;Schwetzingen;http://www.hfr-bw.de/pb/,Lde/Startseite
Baden-Württemberg HVerw/Finanzen(Verw);Hochschule für öffentliche Verwaltung und Finanzen Ludwigsburg;Verwaltungshochschule;öffentlich-rechtlich;Baden-Württemberg;2792;1999;Nein;Nein;Reuteallee 36;71634;Ludwigsburg;https://www.hs-ludwigsburg.de/
Baden-Württemberg HVerw (Verw);Hochschule für öffentliche Verwaltung Kehl;Verwaltungshochschule;öffentlich-rechtlich;Baden-Württemberg;1421;1971;Nein;Nein;Kinzigallee 1;77694;Kehl;https://www.hs-kehl.de/
Bad Homburg accadisFH;accadis Hochschule Bad Homburg;Fachhochschulen / HAW;privat, staatlich anerkannt;Hessen;448;1980;Nein;Nein;SÜDCAMPUS Bad Homburg Am Weidenring 4;61352;Bad Homburg;https://www.accadis.com/contact.aspx
Bad Liebenzell IHL;Internationale Hochschule Liebenzell (IHL);Fachhochschulen / HAW;privat, staatlich anerkannt;Baden-Württemberg;305;2011;Nein;Nein;Heinrich-Coerper-Weg 11;75378;Bad Liebenzell;http://www.ihl.eu
Bamberg U;Otto-Friedrich-Universität Bamberg;Universitäten;öffentlich-rechtlich;Bayern;10734;1647;Ja;Ja;Kapuzinerstr. 25;96047;Bamberg;http://www.uni-bamberg.de/
Bayern HföD (Verw);Hochschule für den öffentlichen Dienst in Bayern;Verwaltungshochschule;öffentlich-rechtlich;Bayern;4907;;Nein;Nein;Wagmüllerstraße 20;80538;München;https://www.hfoed.bayern.de/
Bayreuth HfKiM;Hochschule für evangelische Kirchenmusik der Evangelisch-Lutherischen Kirche in Bayern;Künstlerische Hochschulen;kirchlich, staatlich anerkannt;Bayern;26;2000;Nein;Nein;Wilhelminenstraße 9;95444;Bayreuth;http://www.hfk-bayreuth.de
Bayreuth U;Universität Bayreuth;Universitäten;öffentlich-rechtlich;Bayern;11924;1972;Ja;Ja;Universitätsstraße 30;95447;Bayreuth;http://www.uni-bayreuth.de
Berlin Akkon;Akkon-Hochschule;Fachhochschulen / HAW;privat, staatlich anerkannt;Berlin;1406;2009;Nein;Nein;Colditzstraße 34-36;12099;Berlin;http://www.akkon-hochschule.de
Berlin ASH;Alice Salomon Hochschule Berlin;Fachhochschulen / HAW;öffentlich-rechtlich;Berlin;4299;1971;Nein;Nein;Alice-Salomon-Platz 5;12627;Berlin;http://www.ash-berlin.eu
Berlin bbw;bbw Hochschule;Fachhochschulen / HAW;privat, staatlich anerkannt;Berlin;822;2007;Nein;Nein;Wagner-Régeny-Straße 21;12489;Berlin;http://www.bbw-hochschule.de
Berlin BC;Bard College Berlin, A Liberal Arts University;Universitäten;privat, staatlich anerkannt;Berlin;312;1999;Nein;Nein;Platanenstrasse 24;13156;Berlin;http://www.berlin.bard.edu
Berlin BHT;Berliner Hochschule für Technik;Fachhochschulen / HAW;öffentlich-rechtlich;Berlin;12296;1971;Nein;Nein;Luxemburger Str. 10;13353;Berlin;https://www.bht-berlin.de/
Berlin BIU;Berlin International University of Applied Sciences;Fachhochschulen / HAW;privat, staatlich anerkannt;Berlin;530;2014;Nein;Nein;Salzufer 6;10587;Berlin;http://www.berlin-international.de/
Berlin BSA;Barenboim-Said Akademie;Künstlerische Hochschulen;privat, staatlich anerkannt;Berlin;77;2016;Nein;Nein;Französische Straße 33D;10117;Berlin;www.barenboimsaid.de
Berlin BSP;BSP Business and Law School - Hochschule für Management und Recht;Fachhochschulen / HAW;privat, staatlich anerkannt;Berlin;1750;2009;Nein;Nein;Calandrellistraße 1-9;12247;Berlin;https://www.businessschool-berlin.de/
Berlin CODE;CODE University of Applied Sciences;Fachhochschulen / HAW;privat, staatlich anerkannt;Berlin;610;2017;Nein;Nein;Lohmühlenstr. 65;12435;Berlin;https://code.berlin/de/
Berlin DBU;Digital Business University of Applied Sciences;Fachhochschulen / HAW;privat, staatlich anerkannt;Berlin;282;2018;Nein;Nein;Oranienstr. 185;10999;Berlin;https://dbuas.de/
Berlin DHGS;DHGS Deutsche Hochschule für Gesundheit und Sport;Fachhochschulen / HAW;privat, staatlich anerkannt;Berlin;1865;2007;Nein;Nein;Franklinstr. 28-29;10587;Berlin;https://dhgs-hochschule.de
Berlin ESCP;ESCP Europe Wirtschaftshochschule Berlin e.V.;Universitäten;privat, staatlich anerkannt;Berlin;1254;1819;Ja;Nein;Heubnerweg 8-10;14059;Berlin;http://www.escp.eu
Berlin ESMT;ESMT European School of Management and Technology;Universitäten;privat, staatlich anerkannt;Berlin;820;2002;Ja;Nein;Schlossplatz 1;10178;Berlin;http://www.esmt.org/en/home
Berlin EvH;Evangelische Hochschule Berlin;Fachhochschulen / HAW;kirchlich, staatlich anerkannt;Berlin;1696;1904;Nein;Nein;Teltower Damm 118-122;14167;Berlin;http://www.eh-berlin.de
Berlin FHTouro;Touro College Berlin;Fachhochschulen / HAW;privat, staatlich anerkannt;Berlin;129;2003;Nein;Nein;Am Rupenhorn 5;14055;Berlin;http://www.touroberlin.de
Berlin FU;Freie Universität Berlin;Universitäten;öffentlich-rechtlich;Berlin;42090;1948;Ja;Ja;Kaiserswerther Str. 16-18;14195;Berlin;http://www.fu-berlin.de
Berlin Hertie;Hertie School;Universitäten;privat, staatlich anerkannt;Berlin;716;2004;Ja;Nein;Quartier 110, Friedrichstraße 180;10117;Berlin;https://www.hertie-school.org/en/
Berlin HfM;Hochschule für Musik Hanns Eisler Berlin;Künstlerische Hochschulen;öffentlich-rechtlich;Berlin;556;1950;Nein;Nein;Charlottenstraße 55;10117;Berlin;http://www.hfm-berlin.de
Berlin HfS;Hochschule für Schauspielkunst Ernst Busch;Künstlerische Hochschulen;öffentlich-rechtlich;Berlin;222;1905;Nein;Nein;Zinnowitzer Straße 11;10115;Berlin;http://www.hfs-berlin.de
Berlin HMKW;HMKW Hochschule für Medien, Kommunikation und Wirtschaft;Fachhochschulen / HAW;privat, staatlich anerkannt;Berlin;2038;2008;Nein;Nein;Ackerstraße 76;13355;Berlin;www.hmkw.de
Berlin HSAP;Hochschule für Soziale Arbeit und Pädagogik (HSAP) gemeinnützige Betriebsgesellschaft mbH;Fachhochschulen / HAW;privat, staatlich anerkannt;Berlin;561;2013;Nein;Nein;Alt-Stralau 37-39;10245;Berlin;https://www.hsap.de
Berlin HTW;Hochschule für Technik und Wirtschaft Berlin;Fachhochschulen / HAW;öffentlich-rechtlich;Berlin;14523;1994;Nein;Nein;Treskowallee 8;10318;Berlin;https://www.htw-berlin.de
Berlin HU;Humboldt-Universität zu Berlin;Universitäten;öffentlich-rechtlich;Berlin;40144;1810;Ja;Ja;Unter den Linden 6;10117;Berlin;https://www.hu-berlin.de/de/service/kontakt/
Berlin HWR;Hochschule für Wirtschaft und Recht Berlin;Fachhochschulen / HAW;öffentlich-rechtlich;Berlin;11454;1971;Nein;Nein;Badensche Straße 52;10825;Berlin;https://www.hwr-berlin.de
Berlin IB;IB Hochschule für Gesundheit und Soziales;Fachhochschulen / HAW;privat, staatlich anerkannt;Berlin;512;2006;Nein;Nein;Warener Str. 7 c/o BG Klinikum Unfallkrankenhaus Berlin gGmbH;12683;Berlin;https://www.ib-hochschule.de
Berlin IPU;International Psychoanalytic University Berlin;Universitäten;privat, staatlich anerkannt;Berlin;872;2009;Nein;Nein;Stromstr. 3b;10555;Berlin;https://www.ipu-berlin.de
Berlin KHS;Katholische Hochschule für Sozialwesen Berlin (KHSB) - Staatlich anerkannte Fachhochschule für Sozialwesen;Fachhochschulen / HAW;kirchlich, staatlich anerkannt;Berlin;1219;1991;Nein;Nein;Köpenicker Allee 39-57;10318;Berlin;http://www.khsb-berlin.de
Berlin MDH;Mediadesign Hochschule für Design und Informatik;Fachhochschulen / HAW;privat, staatlich anerkannt;Berlin;751;2004;Nein;Nein;Franklinstraße 28 - 29;10587;Berlin;http://www.mediadesign.de
Berlin MSB;Medical School Berlin - Hochschule für Gesundheit und Medizin (MSB);Fachhochschulen / HAW;privat, staatlich anerkannt;Berlin;2840;2012;Nein;Nein;Rüdesheimer Str. 50;14197;Berlin;www.medicalschool-berlin.de
Berlin PHB;Psychologische Hochschule Berlin (PHB);Universitäten;privat, staatlich anerkannt;Berlin;731;2010;Nein;Nein;Am Köllnischen Park 2;10179;Berlin;http://www.psychologische-hochschule.de
Berlin Quadriga;Quadriga Hochschule Berlin;Fachhochschulen / HAW;privat, staatlich anerkannt;Berlin;112;;Nein;Nein;Werderscher Markt 13;10117;Berlin;http://www.quadriga-hochschule.com
Berlin SRH;SRH Berlin University of Applied Sciences;Fachhochschulen / HAW;privat, staatlich anerkannt;Berlin;2868;2002;Nein;Nein;Ernst-Reuter-Platz 10;10587;Berlin;https://www.srh-berlin.de/
Berlin TU;Technische Universität Berlin;Universitäten;öffentlich-rechtlich;Berlin;35101;1879;Ja;Ja;Straße des 17. Juni 135;10623;Berlin;http://www.tu.berlin
Berlin UdK;Universität der Künste Berlin;Künstlerische Hochschulen;öffentlich-rechtlich;Berlin;4191;1699;Ja;Ja;Einsteinufer 43;10587;Berlin;http://www.udk-berlin.de
Berlin VICTORIA;VICTORIA | Internationale Hochschule;Fachhochschulen / HAW;privat, staatlich anerkannt;Berlin;586;2011;Nein;Nein;Bernburger Straße 24-25;10963;Berlin;https://www.victoria-hochschule.de/
Berlin-Weißensee KHB;weißensee kunsthochschule berlin;Künstlerische Hochschulen;öffentlich-rechtlich;Berlin;823;1946;Nein;Nein;Bühringstraße 20;13086;Berlin;http://www.kh-berlin.de
Biberach H;Hochschule Biberach - Architektur und Bauwesen, Betriebswirtschaft und Biotechnologie;Fachhochschulen / HAW;öffentlich-rechtlich;Baden-Württemberg;2270;1964;Nein;Nein;Karlstraße 11;88400;Biberach;http://www.hochschule-biberach.de
Bielefeld FHDiakonie;Fachhochschule der Diakonie - Diaconia - University of Applied Sciences;Fachhochschulen / HAW;kirchlich, staatlich anerkannt;Nordrhein-Westfalen;754;2006;Nein;Nein;Bethelweg 8;33617;Bielefeld;http://www.fh-diakonie.de
Bielefeld FHM;Fachhochschule des Mittelstands (FHM);Fachhochschulen / HAW;privat, staatlich anerkannt;Nordrhein-Westfalen;5550;2000;Nein;Nein;Ravensberger Straße 10 G;33602;Bielefeld;http://www.fh-mittelstand.de/profil
Bielefeld H;Hochschule Bielefeld - University of Applied Sciences and Arts (HSBI);Fachhochschulen / HAW;öffentlich-rechtlich;Nordrhein-Westfalen;10538;1971;Nein;Nein;Interaktion 1;33619;Bielefeld;https://www.hsbi.de
Bielefeld U;Universität Bielefeld;Universitäten;öffentlich-rechtlich;Nordrhein-Westfalen;23539;1969;Ja;Ja;Universitätsstraße 25;33615;Bielefeld;http://www.uni-bielefeld.de/
Bingen TH;Technische Hochschule Bingen;Fachhochschulen / HAW;öffentlich-rechtlich;Rheinland-Pfalz;2433;1897;Nein;Nein;Berlinstraße 109;55411;Bingen;https://www.th-bingen.de/home/
Bochum EBZ;EBZ Business School - University of Applied Sciences;Fachhochschulen / HAW;privat, staatlich anerkannt;Nordrhein-Westfalen;1114;2008;Nein;Nein;Springorumallee 20;44795;Bochum;https://www.ebz-business-school.de/
Bochum H;Hochschule Bochum - University of Applied Sciences;Fachhochschulen / HAW;öffentlich-rechtlich;Nordrhein-Westfalen;7695;1971;Nein;Nein;Am Hochschulcampus 1;44801;Bochum;http://www.hochschule-bochum.de
Bochum HGesundheit;Hochschule für Gesundheit - University of Applied Sciences;Fachhochschulen / HAW;öffentlich-rechtlich;Nordrhein-Westfalen;1808;2009;Nein;Nein;Gesundheitscampus 6-8;44801;Bochum;http://www.hs-gesundheit.de
Bochum Rheinland-Westfalen-Lippe EvH;Evangelische Hochschule Rheinland-Westfalen-Lippe;Fachhochschulen / HAW;kirchlich, staatlich anerkannt;Nordrhein-Westfalen;2558;1971;Nein;Nein;Immanuel-Kant-Straße 18-20;44803;Bochum;http://www.evh-bochum.de
Bochum TH;Technische Hochschule Georg Agricola;Fachhochschulen / HAW;privat, staatlich anerkannt;Nordrhein-Westfalen;2316;1816;Nein;Nein;Herner Straße 45;44787;Bochum;http://www.thga.de
Bochum U;Ruhr-Universität Bochum;Universitäten;öffentlich-rechtlich;Nordrhein-Westfalen;38939;1962;Ja;Ja;Universitätsstraße 150;44801;Bochum;http://www.ruhr-uni-bochum.de
Bonn HFinMan;Hochschule für Finanzwirtschaft & Management;Fachhochschulen / HAW;privat, staatlich anerkannt;Nordrhein-Westfalen;710;2003;Nein;Nein;Simrockstraße 4;53113;Bonn;http://www.s-hochschule.de
Bonn-Rhein-Sieg H;Hochschule Bonn-Rhein-Sieg, University of Applied Sciences;Fachhochschulen / HAW;öffentlich-rechtlich;Nordrhein-Westfalen;9070;1995;Nein;Nein;Grantham-Allee 20;53757;Sankt Augustin;www.h-brs.de
Bonn U;Rheinische Friedrich-Wilhelms-Universität Bonn;Universitäten;öffentlich-rechtlich;Nordrhein-Westfalen;34630;1818;Ja;Ja;Regina-Pacis-Weg 3;53113;Bonn;http://www.uni-bonn.de
Brandenburg FHFinanz (Verw);Fachhochschule für Finanzen Brandenburg;Verwaltungshochschule;öffentlich-rechtlich;Brandenburg;978;1991;Nein;Nein;Schillerstraße 6;15711;Königs Wusterhausen;https://fhf.brandenburg.de/fhf/de/
Brandenburg FHPol (Verw);Fachhochschule der Polizei Brandenburg;Verwaltungshochschule;öffentlich-rechtlich;Brandenburg;763;1998;Nein;Nein;Bernauer Str. 146;16515;Oranienburg;https://hpolbb.de/
Brandenburg TH;Technische Hochschule Brandenburg;Fachhochschulen / HAW;öffentlich-rechtlich;Brandenburg;2217;1992;Nein;Nein;Magdeburger Straße 50;14770;Brandenburg;http://www.th-brandenburg.de
Braunschweig HBK;Hochschule für Bildende Künste Braunschweig;Künstlerische Hochschulen;öffentlich-rechtlich;Niedersachsen;931;1963;Ja;Ja;Johannes-Selenka-Platz 1;38118;Braunschweig;https://www.hbk-bs.de
Braunschweig TU;Technische Universität Carolo-Wilhelmina zu Braunschweig;Universitäten;öffentlich-rechtlich;Niedersachsen;16155;1745;Ja;Ja;Universitätsplatz 2;38106;Braunschweig;https://www.tu-braunschweig.de
Bremen CU;Constructor University;Universitäten;privat, staatlich anerkannt;Bremen;1483;1999;Ja;Nein;Campus Ring 1;28759;Bremen;https://constructor.university/
Bremen FernFH;APOLLON Hochschule der Gesundheitswirtschaft;Fachhochschulen / HAW;privat, staatlich anerkannt;Bremen;3365;2005;Nein;Nein;Universitätsallee 18;28359;Bremen;http://www.apollon-hochschule.de/redirect.php?id=32
Bremen H;Hochschule Bremen;Fachhochschulen / HAW;öffentlich-rechtlich;Bremen;8672;1982;Nein;Nein;Neustadtwall 30;28199;Bremen;http://www.hs-bremen.de
Bremen HfK;Hochschule für Künste Bremen;Künstlerische Hochschulen;öffentlich-rechtlich;Bremen;1011;1873;Nein;Nein;Am Speicher XI 8;28217;Bremen;http://www.hfk-bremen.de
Bremen U;Universität Bremen;Universitäten;öffentlich-rechtlich;Bremen;18335;1971;Ja;Ja;Bibliothekstraße 1;28359;Bremen;http://www.uni-bremen.de
Bremen VerwH (Verw);Hochschule für Öffentliche Verwaltung Bremen;Verwaltungshochschule;öffentlich-rechtlich;Bremen;648;1979;Nein;Nein;Doventorscontrescarpe 172c;28195;Bremen;www.hfoev.bremen.de
Bremerhaven H;Hochschule Bremerhaven;Fachhochschulen / HAW;öffentlich-rechtlich;Bremen;2816;1975;Nein;Nein;An der Karlstadt 8;27568;Bremerhaven;http://www.hs-bremerhaven.de
Brühl EUFH;Europäische Fachhochschule Rhein/Erft, european university of applied sciences;Fachhochschulen / HAW;privat, staatlich anerkannt;Nordrhein-Westfalen;2180;2001;Nein;Nein;Kaiserstraße 6;50321;Brühl;https://www.eufh.de
Brühl HSBund (Verw);Hochschule des Bundes für öffentliche Verwaltung;Verwaltungshochschule;öffentlich-rechtlich;Nordrhein-Westfalen;9195;1979;Nein;Nein;Willy-Brandt-Straße 1;50321;Brühl;https://www.hsbund.de/
Buxtehude FH;hochschule 21;Fachhochschulen / HAW;privat, staatlich anerkannt;Niedersachsen;1067;2005;Nein;Nein;Harburger Straße 6;21614;Buxtehude;https://www.hs21.de
Chemnitz TU;Technische Universität Chemnitz;Universitäten;öffentlich-rechtlich;Sachsen;8380;1836;Ja;Ja;Straße der Nationen 62;09111;Chemnitz;http://www.tu-chemnitz.de
Clausthal TU;Technische Universität Clausthal;Universitäten;öffentlich-rechtlich;Niedersachsen;2753;1775;Ja;Ja;Adolph-Roemer-Straße 2 A;38678;Clausthal-Zellerfeld;https://www.tu-clausthal.de
Coburg H;Hochschule für angewandte Wissenschaften Coburg;Fachhochschulen / HAW;öffentlich-rechtlich;Bayern;4700;1814;Nein;Nein;Friedrich-Streib-Straße 2;96450;Coburg;http://www.hs-coburg.de
Cottbus-Senftenberg TU;Brandenburgische Technische Universität Cottbus-Senftenberg;Universitäten;öffentlich-rechtlich;Brandenburg;6587;2013;Ja;Ja;Platz der Dt. Einheit 1;03046;Cottbus;http://www.b-tu.de
Darmstadt EvH;Evangelische Hochschule Darmstadt (staatlich anerkannt) – Kirchliche Körperschaft des öffentlichen Rechts;Fachhochschulen / HAW;kirchlich, staatlich anerkannt;Hessen;1333;1971;Nein;Nein;Zweifalltorweg 12;64293;Darmstadt;http://www.eh-darmstadt.de
Darmstadt FernH;Wilhelm Büchner Hochschule - Private Fernhochschule Darmstadt;Fachhochschulen / HAW;privat, staatlich anerkannt;Hessen;4915;1997;Nein;Nein;Hilpertstr. 31;64295;Darmstadt;http://www.wb-fernstudium.de?referrer=hochschulkompass_portal
Darmstadt H;Hochschule Darmstadt;Fachhochschulen / HAW;öffentlich-rechtlich;Hessen;15474;1876;Ja;Nein;Schöfferstraße 3;64295;Darmstadt;http://www.h-da.de/
Darmstadt TU;Technische Universität Darmstadt;Universitäten;öffentlich-rechtlich;Hessen;24008;1877;Ja;Ja;Karolinenplatz 5;64289;Darmstadt;http://www.tu-darmstadt.de
Deggendorf TH;Technische Hochschule Deggendorf;Fachhochschulen / HAW;öffentlich-rechtlich;Bayern;8660;1994;Nein;Nein;Dieter-Görlitz-Platz 1;94469;Deggendorf;http://www.th-deg.de
Detmold HfM;Hochschule für Musik Detmold;Künstlerische Hochschulen;öffentlich-rechtlich;Nordrhein-Westfalen;637;1946;Ja;Nein;Neustadt 22;32756;Detmold;http://www.hfm-detmold.de/
Dortmund FH;Fachhochschule Dortmund;Fachhochschulen / HAW;öffentlich-rechtlich;Nordrhein-Westfalen;14371;1890;Nein;Nein;Sonnenstraße 96;44139;Dortmund;http://www.fh-dortmund.de
Dortmund ISM;International School of Management;Fachhochschulen / HAW;privat, staatlich anerkannt;Nordrhein-Westfalen;3444;1990;Nein;Nein;Otto-Hahn-Straße 19;44227;Dortmund;https://www.ism.de
Dortmund TU;Technische Universität Dortmund;Universitäten;öffentlich-rechtlich;Nordrhein-Westfalen;30013;1968;Ja;Ja;August-Schmidt-Straße 4;44227;Dortmund;http://www.tu-dortmund.de
Dresden DIU;DIU - Dresden International University GmbH;Universitäten;privat, staatlich anerkannt;Sachsen;1283;2003;Nein;Nein;Freiberger Straße 37;01067;Dresden;https://www.di-uni.de/
Dresden EvH;Evangelische Hochschule Dresden;Fachhochschulen / HAW;kirchlich, staatlich anerkannt;Sachsen;839;1991;Nein;Nein;Dürerstraße 25;01307;Dresden;www.ehs-dresden.de
Dresden HfBK;Hochschule für Bildende Künste Dresden;Künstlerische Hochschulen;öffentlich-rechtlich;Sachsen;555;1764;Ja;Nein;Güntzstraße 34;01307;Dresden;http://www.hfbk-dresden.de
Dresden HfKiM;Hochschule für Kirchenmusik der Evangelisch-Lutherischen Landeskirche Sachsens;Künstlerische Hochschulen;kirchlich, staatlich anerkannt;Sachsen;24;1949;Nein;Nein;Käthe Kollwitz Ufer 97;01309;Dresden;http://www.kirchenmusik-dresden.de
Dresden HfM;Hochschule für Musik Carl Maria von Weber Dresden;Künstlerische Hochschulen;öffentlich-rechtlich;Sachsen;692;1856;Ja;Nein;Wettiner Platz 13;01067;Dresden;http://www.hfmdd.de
Dresden HfTanz;Palucca Hochschule für Tanz Dresden;Künstlerische Hochschulen;öffentlich-rechtlich;Sachsen;168;1925;Nein;Nein;Basteiplatz 4;01277;Dresden;http://www.palucca.eu
Dresden HTW;Hochschule für Technik und Wirtschaft Dresden  - University of Applied Sciences;Fachhochschulen / HAW;öffentlich-rechtlich;Sachsen;4634;1992;Nein;Nein;Friedrich-List-Platz 1;01069;Dresden;http://www.htw-dresden.de
Dresden PFH;Fachhochschule Dresden;Fachhochschulen / HAW;privat, staatlich anerkannt;Sachsen;539;2010;Nein;Nein;Güntzstraße 1;01069;Dresden;https://www.fh-dresden.eu
Dresden TU;Technische Universität Dresden;Universitäten;öffentlich-rechtlich;Sachsen;28959;1828;Ja;Ja;Mommsenstraße 11;01069;Dresden;https://tu-dresden.de
Duisburg-Essen U;Universität Duisburg-Essen;Universitäten;öffentlich-rechtlich;Nordrhein-Westfalen;38001;2003;Ja;Ja;Universitätsstraße 2;45141;Essen;http://www.uni-due.de
Düsseldorf FliednerFH;Fliedner Fachhochschule Düsseldorf;Fachhochschulen / HAW;privat, staatlich anerkannt;Nordrhein-Westfalen;2204;2011;Nein;Nein;Geschwister-Aufricht-Straße 9;40489;Düsseldorf;http://www.fliedner-fachhochschule.de
Düsseldorf H;Hochschule Düsseldorf;Fachhochschulen / HAW;öffentlich-rechtlich;Nordrhein-Westfalen;11172;1971;Nein;Nein;Münsterstraße 156;40476;Düsseldorf;https://www.hs-duesseldorf.de/studienangebot
Düsseldorf HfM;Robert-Schumann-Hochschule Düsseldorf;Künstlerische Hochschulen;öffentlich-rechtlich;Nordrhein-Westfalen;837;1935;Ja;Nein;Fischerstraße 110;40476;Düsseldorf;http://www.rsh-duesseldorf.de
Düsseldorf IST;IST-Hochschule für Management;Fachhochschulen / HAW;privat, staatlich anerkannt;Nordrhein-Westfalen;4278;2012;Nein;Nein;Erkrather Str. 220 a-c;40233;Düsseldorf;https://www.ist-hochschule.de
Düsseldorf KuAk;Kunstakademie Düsseldorf;Künstlerische Hochschulen;öffentlich-rechtlich;Nordrhein-Westfalen;546;1814;Ja;Nein;Eiskellerstraße 1;40213;Düsseldorf;http://www.kunstakademie-duesseldorf.de
Düsseldorf U;Heinrich-Heine-Universität Düsseldorf;Universitäten;öffentlich-rechtlich;Nordrhein-Westfalen;29218;1965;Ja;Ja;Universitätsstraße 1;40225;Düsseldorf;http://www.hhu.de
Eberswalde FH Gesundheit;Hochschule für Gesundheitsfachberufe Eberswalde;Fachhochschulen / HAW;privat, staatlich anerkannt;Brandenburg;;2023;Nein;Nein;Schicklerstraße 20;16225;Eberswalde;https://gesundheit-hochschule.de/
Eberswalde H;Hochschule für nachhaltige Entwicklung Eberswalde;Fachhochschulen / HAW;öffentlich-rechtlich;Brandenburg;2297;1830;Nein;Nein;Schicklerstr. 5;16225;Eberswalde;https://www.hnee.de/
Eichstätt - Ingolstadt U;Katholische Universität Eichstätt - Ingolstadt;Universitäten;kirchlich, staatlich anerkannt;Bayern;4800;1980;Ja;Ja;Ostenstraße 26;85072;Eichstätt;http://www.ku.de
Elmshorn FH Nordakademie;NORDAKADEMIE Hochschule der Wirtschaft;Fachhochschulen / HAW;privat, staatlich anerkannt;Schleswig-Holstein;2481;1992;Nein;Nein;Köllner Chaussee 11;25337;Elmshorn;https://www.nordakademie.de
Elstal ThH;Theologische Hochschule Elstal;Fachhochschulen / HAW;kirchlich, staatlich anerkannt;Brandenburg;39;1880;Nein;Nein;Johann-Gerhard-Oncken-Straße 7;14641;Wustermark;http://www.th-elstal.de/
Emden/Leer H;Hochschule Emden/Leer;Fachhochschulen / HAW;öffentlich-rechtlich;Niedersachsen;4264;2009;Nein;Nein;Constantiaplatz 4;26723;Emden;http://www.hs-emden-leer.de/
Erfurt FH;Fachhochschule Erfurt;Fachhochschulen / HAW;öffentlich-rechtlich;Thüringen;4063;1991;Nein;Nein;Altonaer Straße 25;99085;Erfurt;http://www.fh-erfurt.de
Erfurt HMU;HMU Health and Medical University;Hochschulen eigenen Typs;privat, staatlich anerkannt;Thüringen;1433;2019;Nein;Nein;Nordhäuser Straße 74;99089;Erfurt;https://www.health-and-medical-university.de
Erfurt IU;IU Internationale Hochschule;Fachhochschulen / HAW;privat, staatlich anerkannt;Thüringen;116027;1998;Nein;Nein;Juri-Gagarin-Ring 152;99084;Erfurt;https://www.iu.de/
Erfurt U;Universität Erfurt;Universitäten;öffentlich-rechtlich;Thüringen;5795;1994;Ja;Ja;Nordhäuser Straße 63;99089;Erfurt;http://www.uni-erfurt.de
Erlangen-Nürnberg U;Friedrich-Alexander-Universität Erlangen-Nürnberg;Universitäten;öffentlich-rechtlich;Bayern;38960;1743;Ja;Ja;Schlossplatz 4;91054;Erlangen;http://www.fau.de
Essen FOM;FOM Hochschule für Oekonomie & Management - University of Applied Sciences;Fachhochschulen / HAW;privat, staatlich anerkannt;Nordrhein-Westfalen;47191;1993;Nein;Nein;Leimkugelstraße 6;45141;Essen;https://www.fom.de
Essen HBK;Hochschule der bildenden Künste (HBK) Essen;Künstlerische Hochschulen;privat, staatlich anerkannt;Nordrhein-Westfalen;322;2013;Nein;Nein;Prinz-Friedrich-Str. 28 A;45257;Essen;http://hbk-essen.de/
Essen UdK;Folkwang Universität der Künste;Künstlerische Hochschulen;öffentlich-rechtlich;Nordrhein-Westfalen;1625;1927;Ja;Ja;Klemensborn 39;45239;Essen;http://www.folkwang-uni.de
Esslingen H;Hochschule Esslingen;Fachhochschulen / HAW;öffentlich-rechtlich;Baden-Württemberg;6594;1868;Nein;Nein;Kanalstraße 33;73728;Esslingen;http://www.hs-esslingen.de
Ewersbach ThH;Theologisches Hochschule Ewersbach;Fachhochschulen / HAW;kirchlich, staatlich anerkannt;Hessen;47;1912;Nein;Nein;Jahnstraße 49-53;35716;Dietzhölztal;http://th-ewersbach.de
Flensburg H;Hochschule Flensburg;Fachhochschulen / HAW;öffentlich-rechtlich;Schleswig-Holstein;3355;1886;Nein;Nein;Kanzleistraße 91-93;24943;Flensburg;http://www.hs-flensburg.de
Flensburg U;Europa-Universität Flensburg;Universitäten;öffentlich-rechtlich;Schleswig-Holstein;5998;1946;Ja;Ja;Auf dem Campus 1;24943;Flensburg;http://www.uni-flensburg.de
Frankfurt am Main FH;Frankfurt University of Applied Sciences;Fachhochschulen / HAW;öffentlich-rechtlich;Hessen;15297;1971;Ja;Nein;Nibelungenplatz 1;60318;Frankfurt am Main;www.frankfurt-university.de
Frankfurt am Main FHProvadis;Provadis School of International Management and Technology;Fachhochschulen / HAW;privat, staatlich anerkannt;Hessen;870;2003;Nein;Nein;Rudolf-Amthauer-Straße;65926;Frankfurt am Main;http://www.provadis-hochschule.de/
Frankfurt am Main FSFM;Frankfurt School of Finance & Management;Universitäten;privat, staatlich anerkannt;Hessen;4381;1990;Ja;Nein;Adickesallee 32-34;60322;Frankfurt am Main;http://www.frankfurt-school.de/home
Frankfurt am Main HfBK;Hochschule für Bildende Künste (Städelschule);Künstlerische Hochschulen;öffentlich-rechtlich;Hessen;140;1817;Nein;Nein;Dürerstraße 10;60596;Frankfurt am Main;http://www.staedelschule.de
Frankfurt am Main HfM;Hochschule für Musik und Darstellende Kunst Frankfurt am Main;Künstlerische Hochschulen;öffentlich-rechtlich;Hessen;971;1878;Ja;Nein;Eschersheimer Landstraße 29-39;60322;Frankfurt am Main;https://www.hfmdk-frankfurt.de
Frankfurt am Main PhThH;Philosophisch-Theologische Hochschule Sankt Georgen Frankfurt am Main;Universitäten;kirchlich, staatlich anerkannt;Hessen;221;1926;Ja;Ja;Offenbacher Landstraße 224;60599;Frankfurt am Main;http://www.sankt-georgen.de
Frankfurt am Main ToU;Tomorrow University of Applied Sciences;Fachhochschulen / HAW;privat, staatlich anerkannt;Hessen;;2021;Nein;Nein;Platz der Einheit 2;60327;Frankfurt am Main;https://www.tomorrow-university
Frankfurt am Main U;Johann Wolfgang Goethe-Universität, Frankfurt am Main;Universitäten;öffentlich-rechtlich;Hessen;41107;1914;Ja;Ja;Theodor-W.-Adorno-Platz 1;60323;Frankfurt am Main;http://www.uni-frankfurt.de
Frankfurt am Main UoL;University of Labour;Fachhochschulen / HAW;privat, staatlich anerkannt;Hessen;17;2021;Nein;Nein;Eschersheimer Landstr. 155-157;60323;Frankfurt am Main;https://www.university-of-labour.de/
Frankfurt (Oder) U;Europa-Universität Viadrina Frankfurt (Oder);Universitäten;öffentlich-rechtlich;Brandenburg;4230;1991;Ja;Ja;Große Scharrnstraße 59;15230;Frankfurt (Oder);https://www.europa-uni.de
Freiberg TUBergAk;Technische Universität Bergakademie Freiberg;Universitäten;öffentlich-rechtlich;Sachsen;4199;1765;Ja;Ja;Akademiestraße 6;09599;Freiberg;http://tu-freiberg.de
Freiburg EvHS;Evangelische Hochschule Freiburg, staatlich anerkannte Hochschule der Evangelischen Landeskirche in Baden;Fachhochschulen / HAW;kirchlich, staatlich anerkannt;Baden-Württemberg;898;1971;Nein;Nein;Bugginger Straße 38;79114;Freiburg;https://www.eh-freiburg.de
Freiburg HfM;Hochschule für Musik Freiburg im Breisgau;Künstlerische Hochschulen;öffentlich-rechtlich;Baden-Württemberg;627;1946;Ja;Ja;Mendelssohn-Bartholdy-Platz 1;79102;Freiburg;https://www.mh-freiburg.de
Freiburg KathHS;Katholische Hochschule Freiburg, staatlich anerkannte Hochschule - Catholic University of Applied Sciences;Fachhochschulen / HAW;kirchlich, staatlich anerkannt;Baden-Württemberg;1886;1971;Nein;Nein;Karlstraße 63;79104;Freiburg;www.kh-freiburg.de
Freiburg PH;Pädagogische Hochschule Freiburg;Universitäten;öffentlich-rechtlich;Baden-Württemberg;5013;1962;Ja;Ja;Kunzenweg 21;79117;Freiburg;http://www.ph-freiburg.de
Freiburg U;Albert-Ludwigs-Universität Freiburg im Breisgau;Universitäten;öffentlich-rechtlich;Baden-Württemberg;24197;1457;Ja;Ja;Fahnenbergplatz;79085;Freiburg;https://www.uni-freiburg.de
Friedensau ThH;Theologische Hochschule Friedensau;Universitäten;kirchlich, staatlich anerkannt;Sachsen-Anhalt;224;1899;Nein;Nein;An der Ihle 19;39291;Friedensau;https://www.thh-friedensau.de/
Friedrichshafen ZU;Zeppelin Universität - Hochschule zwischen Wirtschaft, Kultur und Politik;Universitäten;privat, staatlich anerkannt;Baden-Württemberg;667;2003;Ja;Ja;Am Seemoser Horn 20;88045;Friedrichshafen;http://www.zu.de
Fulda H;Hochschule Fulda - University of Applied Sciences;Fachhochschulen / HAW;öffentlich-rechtlich;Hessen;8963;1974;Ja;Nein;Leipziger Straße 123;36037;Fulda;www.hs-fulda.de
Fulda ThFak;Theologische Fakultät Fulda;Universitäten;kirchlich, staatlich anerkannt;Hessen;13;1734;Ja;Ja;Eduard-Schick-Platz 2;36037;Fulda;http://www.thf-fulda.de
Fürth WLH;SRH Wilhelm Löhe Hochschule;Fachhochschulen / HAW;privat, staatlich anerkannt;Bayern;417;;Nein;Nein;Merkurstraße 19, Südstadtpark;90763;Fürth;https://www.srh-hochschule-fuerth.de/
Furtwangen H;Hochschule Furtwangen - Informatik, Technik, Wirtschaft, Medien, Gesundheit;Fachhochschulen / HAW;öffentlich-rechtlich;Baden-Württemberg;4833;1850;Nein;Nein;Robert-Gerwig-Platz 1;78120;Furtwangen;http://www.hs-furtwangen.de
Geisenheim H;Hochschule Geisenheim;Hochschulen eigenen Typs;öffentlich-rechtlich;Hessen;1723;2013;Ja;Nein;Von-Lade-Straße 1;65366;Geisenheim;http://www.hs-geisenheim.de
Gera-Eisenach DH;Duale Hochschule Gera-Eisenach;Hochschulen eigenen Typs;öffentlich-rechtlich;Thüringen;1395;2016;Nein;Nein;Weg der Freundschaft 4;07546;Gera;https://www.dhge.de/
Gera H;SRH Hochschule für Gesundheit;Fachhochschulen / HAW;privat, staatlich anerkannt;Thüringen;1434;2007;Nein;Nein;Neue Straße 28 - 30;07548;Gera;https://www.srh-gesundheitshochschule.de/
Giessen FThH;Freie Theologische Hochschule Gießen;Fachhochschulen / HAW;privat, staatlich anerkannt;Hessen;191;1974;Nein;Nein;Rathenaustraße 5-7;35394;Gießen;http://www.fthgiessen.de
Giessen U;Justus-Liebig-Universität Gießen;Universitäten;öffentlich-rechtlich;Hessen;25461;1607;Ja;Ja;Ludwigstraße 23;35390;Gießen;http://www.uni-giessen.de
Göttingen PFH;PFH - Private Hochschule Göttingen;Fachhochschulen / HAW;privat, staatlich anerkannt;Niedersachsen;4775;1995;Nein;Nein;Weender Landstr. 3-7;37073;Göttingen;www.pfh.de
Göttingen U;Georg-August-Universität Göttingen;Universitäten;öffentlich-rechtlich;Niedersachsen;27562;1737;Ja;Ja;Wilhelmsplatz 1;37073;Göttingen;http://www.uni-goettingen.de
Greifswald U;Universität Greifswald;Universitäten;öffentlich-rechtlich;Mecklenburg-Vorpommern;10296;1456;Ja;Ja;Domstraße 11;17489;Greifswald;http://www.uni-greifswald.de
Hachenburg HBundesbank (Verw);Hochschule der Deutschen Bundesbank;Verwaltungshochschule;öffentlich-rechtlich;Rheinland-Pfalz;408;1980;Nein;Nein;Schloss;57627;Hachenburg;http://www.hochschule-bundesbank.de
Hagen FernU;FernUniversität in Hagen;Universitäten;öffentlich-rechtlich;Nordrhein-Westfalen;63326;1974;Ja;Ja;Universitätsstraße 47;58097;Hagen;https://www.fernuni-hagen.de
Halle HfKiM;Evangelische Hochschule für Kirchenmusik;Künstlerische Hochschulen;kirchlich, staatlich anerkannt;Sachsen-Anhalt;59;1926;Nein;Nein;Kleine Ulrichstraße 35;06108;Halle;http://www.ehk-halle.de
Halle KuH;Burg Giebichenstein Kunsthochschule Halle;Künstlerische Hochschulen;öffentlich-rechtlich;Sachsen-Anhalt;1194;1915;Ja;Nein;Neuwerk 7;06108;Halle;http://www.burg-halle.de
Halle-Wittenberg U;Martin-Luther-Universität Halle-Wittenberg;Universitäten;öffentlich-rechtlich;Sachsen-Anhalt;19227;1502;Ja;Ja;Universitätsplatz 11;06108;Halle;www.uni-halle.de
Hamburg AkFinanz (Verw);Norddeutsche Akademie für Finanzen und Steuerrecht;Verwaltungshochschule;öffentlich-rechtlich;Hamburg;349;2010;Nein;Nein;Hammer Steindamm 129;20535;Hamburg;https://www.hamburg.de/fb/norddeutsche-akademie-fuer-finanzen-und-steuerrecht-hamburg/
Hamburg AkPol (Verw);Akademie der Polizei Hamburg;Verwaltungshochschule;öffentlich-rechtlich;Hamburg;582;2013;Nein;Nein;Carl-Cohn-Straße 39;22297;Hamburg;https://akademie-der-polizei.hamburg.de/fachhochschulbereich
Hamburg BHH;Berufliche Hochschule Hamburg (BHH);Hochschulen eigenen Typs;öffentlich-rechtlich;Hamburg;219;2020;Nein;Nein;Anckelmannstraße 10;20537;Hamburg;https://bhh.hamburg.de/
Hamburg BLS;Bucerius Law School, Hochschule für Rechtswissenschaft;Universitäten;privat, staatlich anerkannt;Hamburg;849;2000;Ja;Ja;Jungiusstraße 6;20355;Hamburg;https://www.law-school.de
Hamburg EFH;Europäische Fernhochschule Hamburg;Fachhochschulen / HAW;privat, staatlich anerkannt;Hamburg;9646;2003;Nein;Nein;Doberaner Weg 20-22;22143;Hamburg;http://www.euro-fh.de
Hamburg EvH;Evangelische Hochschule für Soziale Arbeit & Diakonie;Fachhochschulen / HAW;kirchlich, staatlich anerkannt;Hamburg;731;1971;Nein;Nein;Horner Weg 170;22111;Hamburg;http://www.ev-hochschule-hh.de
Hamburg FernH;Hamburger Fern-Hochschule, gemeinnützige GmbH;Fachhochschulen / HAW;privat, staatlich anerkannt;Hamburg;14144;1997;Nein;Nein;Alter Teichweg 19;22081;Hamburg;https://www.hfh-fernstudium.de
Hamburg FHBrand;Brand University of Applied Sciences;Fachhochschulen / HAW;privat, staatlich anerkannt;Hamburg;314;2010;Nein;Nein;Lilienstraße 5-9;20095;Hamburg;https://www.brand-university.de/
Hamburg HAW;Hochschule für Angewandte Wissenschaften Hamburg;Fachhochschulen / HAW;öffentlich-rechtlich;Hamburg;16877;1970;Nein;Nein;Berliner Tor 5;20099;Hamburg;https://www.haw-hamburg.de
Hamburg HCU;HafenCity Universität Hamburg;Universitäten;öffentlich-rechtlich;Hamburg;2518;2006;Ja;Ja;Henning-Voscherau-Platz 1;20457;Hamburg;http://www.hcu-hamburg.de
Hamburg HfBK;Hochschule für Bildende Künste Hamburg;Künstlerische Hochschulen;öffentlich-rechtlich;Hamburg;976;1767;Ja;Nein;Lerchenfeld 2;22081;Hamburg;http://www.hfbk-hamburg.de
Hamburg HfM;Hochschule für Musik und Theater Hamburg;Künstlerische Hochschulen;öffentlich-rechtlich;Hamburg;1380;1950;Ja;Nein;Harvestehuder Weg 12;20148;Hamburg;http://www.hfmt-hamburg.de
Hamburg HSBA;HSBA Hamburg School of Business Administration;Fachhochschulen / HAW;privat, staatlich anerkannt;Hamburg;928;2004;Nein;Nein;Willy-Brandt-Straße 75;20459;Hamburg;http://www.hsba.de
Hamburg KLU;Kühne Logistics University - Wissenschaftliche Hochschule für Logistik und Unternehmensführung;Universitäten;privat, staatlich anerkannt;Hamburg;309;2010;Ja;Nein;Großer Grasbrook 17;20457;Hamburg;www.klu.org
Hamburg MSH;MSH Medical School Hamburg - University of Applied Sciences and Medical University;Hochschulen eigenen Typs;privat, staatlich anerkannt;Hamburg;4845;2009;Nein;Nein;Am Kaiserkai 1;20457;Hamburg;http://www.medicalschool-hamburg.de
Hamburg NBS;NBS Northern Business School – University of Applied Sciences;Fachhochschulen / HAW;privat, staatlich anerkannt;Hamburg;914;2007;Nein;Nein;Holstenhofweg 62;22043;Hamburg;http://www.nbs.de
Hamburg TU;Technische Universität Hamburg;Universitäten;öffentlich-rechtlich;Hamburg;7384;1978;Ja;Ja;Am Schwarzenberg-Campus 3 (E);21073;Hamburg;http://www.tuhh.de/
Hamburg U;Universität Hamburg;Universitäten;öffentlich-rechtlich;Hamburg;41802;1919;Ja;Ja;Mittelweg 177;20148;Hamburg;http://www.uni-hamburg.de
Hamburg UBw;Helmut-Schmidt-Universität/Universität der Bundeswehr Hamburg;Universitäten;öffentlich-rechtlich;Hamburg;2546;1972;Ja;Ja;Holstenhofweg 85;22043;Hamburg;http://www.hsu-hh.de
Hamm-Lippstadt H;Hochschule Hamm-Lippstadt;Fachhochschulen / HAW;öffentlich-rechtlich;Nordrhein-Westfalen;5134;2009;Nein;Nein;Marker Allee 76-78;59063;Hamm;http://www.hshl.de
Hannover FHDW;Fachhochschule für die Wirtschaft Hannover;Fachhochschulen / HAW;privat, staatlich anerkannt;Niedersachsen;569;1996;Nein;Nein;Freundallee 15;30173;Hannover;http://www.fhdw-hannover.de/
Hannover H;Hochschule Hannover;Fachhochschulen / HAW;öffentlich-rechtlich;Niedersachsen;8891;1971;Nein;Nein;Expo Plaza 4;30539;Hannover;https://www.hs-hannover.de
Hannover HfMTM;Hochschule für Musik, Theater und Medien Hannover;Künstlerische Hochschulen;öffentlich-rechtlich;Niedersachsen;1395;1897;Ja;Ja;Neues Haus 1;30175;Hannover;http://www.hmtm-hannover.de
Hannover LeibnizFH;Leibniz-Fachhochschule;Fachhochschulen / HAW;privat, staatlich anerkannt;Niedersachsen;584;1920;Nein;Nein;Expo Plaza 11;30539;Hannover;http://www.leibniz-fh.de
Hannover MedH;Medizinische Hochschule Hannover (MHH);Universitäten;öffentlich-rechtlich;Niedersachsen;3923;1963;Ja;Ja;Carl-Neuberg-Str. 1;30625;Hannover;http://www.mh-hannover.de
Hannover TiHo;Stiftung Tierärztliche Hochschule Hannover;Universitäten;öffentlich-rechtlich;Niedersachsen;2347;1778;Ja;Ja;Bünteweg 2;30559;Hannover;http://www.tiho-hannover.de
Hannover U;Gottfried Wilhelm Leibniz Universität Hannover;Universitäten;öffentlich-rechtlich;Niedersachsen;27323;1831;Ja;Ja;Welfengarten 1;30167;Hannover;http://www.uni-hannover.de
Harz H;Hochschule Harz, Hochschule für angewandte Wissenschaften (FH);Fachhochschulen / HAW;öffentlich-rechtlich;Sachsen-Anhalt;3017;1991;Ja;Nein;Friedrichstraße 57-59;38855;Wernigerode;http://www.hs-harz.de
Heidelberg H;SRH Hochschule Heidelberg - Staatlich anerkannte Fachhochschule;Fachhochschulen / HAW;privat, staatlich anerkannt;Baden-Württemberg;3112;1969;Nein;Nein;Ludwig-Guttmann-Str. 6;69123;Heidelberg;http://www.hochschule-heidelberg.de/?utm_source=WKZ-HD5003AA04
Heidelberg HfJS;Hochschule für Jüdische Studien Heidelberg;Universitäten;privat, staatlich anerkannt;Baden-Württemberg;105;1979;Ja;Nein;Landfriedstraße 12;69117;Heidelberg;http://www.hfjs.eu
Heidelberg HfKiM;Hochschule für Kirchenmusik der Evangelischen Landeskirche in Baden;Künstlerische Hochschulen;kirchlich, staatlich anerkannt;Baden-Württemberg;44;1931;Nein;Nein;Hildastr. 8;69115;Heidelberg;http://www.hfk-heidelberg.de
Heidelberg HFresen;Hochschule Fresenius Heidelberg – staatlich anerkannte Hochschule der Hochschule Fresenius für Internationales Management GmbH;Fachhochschulen / HAW;privat, staatlich anerkannt;Baden-Württemberg;672;2012;Nein;Nein;Sickingenstraße 63-65;69126;Heidelberg;https://www.hs-fresenius.de/standort/heidelberg/?crmid=aBbWvOcDeBjAaAaA
Heidelberg PH;Pädagogische Hochschule Heidelberg;Universitäten;öffentlich-rechtlich;Baden-Württemberg;5271;1904;Ja;Ja;Keplerstraße 87;69120;Heidelberg;http://www.ph-heidelberg.de
Heidelberg U;Ruprecht-Karls-Universität Heidelberg;Universitäten;öffentlich-rechtlich;Baden-Württemberg;29534;1386;Ja;Ja;Seminarstraße 2;69117;Heidelberg;http://www.uni-heidelberg.de
Heilbronn H;Hochschule Heilbronn, Technik, Wirtschaft, Informatik;Fachhochschulen / HAW;öffentlich-rechtlich;Baden-Württemberg;7159;1961;Nein;Nein;Max-Planck-Straße 39;74081;Heilbronn;http://www.hs-heilbronn.de
Herford HfKiM;Hochschule für Kirchenmusik der Evangelischen Kirche von Westfalen;Künstlerische Hochschulen;kirchlich, staatlich anerkannt;Nordrhein-Westfalen;46;1948;Nein;Nein;Parkstr. 6;32049;Herford;https://www.hochschule-kirchenmusik.de
Hermannsburg FIT;Fachhochschule für Interkulturelle Theologie Hermannsburg;Fachhochschulen / HAW;privat, staatlich anerkannt;Niedersachsen;78;2012;Nein;Nein;Missionsstraße 3-5;29320;Hermannsburg;http://www.fh-hermannsburg.de/
Hessen HFinanz/Recht (Verw);Hessische Hochschule für Finanzen und Rechtspflege Rotenburg a.d. Fulda;Verwaltungshochschule;öffentlich-rechtlich;Hessen;2610;2006;Nein;Nein;Josef-Durstewitz Straße 2-6;36199;Rotenburg;https://studienzentrum-rotenburg.hessen.de/hhfr
Hessen HOeffManagement(Verw);Hessische Hochschule für öffentliches Management und Sicherheit;Verwaltungshochschule;öffentlich-rechtlich;Hessen;4271;2022;Nein;Nein;Schönbergstraße 100;65199;Wiesbaden;https://hoems.hessen.de/
Hildesheim U;Universität Hildesheim;Universitäten;öffentlich-rechtlich;Niedersachsen;7995;1978;Ja;Ja;Universitätsplatz 1;31141;Hildesheim;https://www.uni-hildesheim.de
Hildesh./Holzm./Göttingen H;HAWK Hochschule für angewandte Wissenschaft und Kunst Hildesheim/Holzminden/Göttingen;Fachhochschulen / HAW;öffentlich-rechtlich;Niedersachsen;6325;1971;Nein;Nein;Hohnsen 4;31134;Hildesheim;https://www.hawk.de/de
Hof H;Hochschule für angewandte Wissenschaften Hof;Fachhochschulen / HAW;öffentlich-rechtlich;Bayern;3822;1994;Nein;Nein;Alfons-Goppel-Platz 1;95028;Hof;http://www.hof-university.de
Hohenheim U;Universität Hohenheim;Universitäten;öffentlich-rechtlich;Baden-Württemberg;8482;1818;Ja;Ja;Schloss Hohenheim 1;70599;Stuttgart;http://www.uni-hohenheim.de
Idstein HFresen;Hochschule Fresenius;Fachhochschulen / HAW;privat, staatlich anerkannt;Hessen;16028;1848;Nein;Nein;Limburger Straße 2;65510;Idstein;https://www.hs-fresenius.de/studienberatung/?crmid=aBbWvOcDaAaAaAaA
Ilmenau TU;Technische Universität Ilmenau;Universitäten;öffentlich-rechtlich;Thüringen;4452;1894;Ja;Ja;Ehrenbergstraße 29;98693;Ilmenau;http://www.tu-ilmenau.de
Ingolstadt TH;Technische Hochschule Ingolstadt;Fachhochschulen / HAW;öffentlich-rechtlich;Bayern;7537;1994;Ja;Nein;Esplanade 10;85049;Ingolstadt;https://www.thi.de
Ismaning HAM;Hochschule für angewandtes Management;Fachhochschulen / HAW;privat, staatlich anerkannt;Bayern;3646;2004;Nein;Nein;Steinheilstraße 4;85737;Ismaning;http://www.fham.de
Jena H;Ernst-Abbe-Hochschule Jena - University of Applied Sciences;Fachhochschulen / HAW;öffentlich-rechtlich;Thüringen;4330;1991;Nein;Nein;Carl-Zeiss-Promenade 2;07745;Jena;https://www.eah-jena.de/
Jena U;Friedrich-Schiller-Universität Jena;Universitäten;öffentlich-rechtlich;Thüringen;16588;1558;Ja;Ja;Fürstengraben 1;07743;Jena;http://www.uni-jena.de
Kaiserslautern H;Hochschule Kaiserslautern (University of Applied Sciences);Fachhochschulen / HAW;öffentlich-rechtlich;Rheinland-Pfalz;5846;1996;Nein;Nein;Schoenstr. 11;67659;Kaiserslautern;www.hs-kl.de
Kaiserslautern-Landau RPTU;Rheinland-Pfälzische Technische Universität Kaiserslautern-Landau;Universitäten;öffentlich-rechtlich;Rheinland-Pfalz;18520;1970;Ja;Ja;Gottlieb-Daimler-Straße 47;67663;Kaiserslautern;https://www.rptu.de/
Karlsruhe AkdBK;Staatliche Akademie der Bildenden Künste Karlsruhe;Künstlerische Hochschulen;öffentlich-rechtlich;Baden-Württemberg;362;1854;Ja;Nein;Reinhold-Frank-Straße 67;76133;Karlsruhe;http://www.kunstakademie-karlsruhe.de
Karlsruhe H;Hochschule Karlsruhe - Technik und Wirtschaft;Fachhochschulen / HAW;öffentlich-rechtlich;Baden-Württemberg;6814;1878;Nein;Nein;Moltkestraße 30;76133;Karlsruhe;http://www.h-ka.de
Karlsruhe HfGest;Staatliche Hochschule für Gestaltung Karlsruhe;Künstlerische Hochschulen;öffentlich-rechtlich;Baden-Württemberg;376;1992;Ja;Nein;Lorenzstr. 15;76135;Karlsruhe;http://www.hfg-karlsruhe.de
Karlsruhe HfM;Hochschule für Musik Karlsruhe;Künstlerische Hochschulen;öffentlich-rechtlich;Baden-Württemberg;577;1812;Ja;Nein;Am Schloss Gottesaue 7;76131;Karlsruhe;http://www.hfm-karlsruhe.de
Karlsruhe KIU;Karlshochschule International University - staatlich anerkannte Hochschule der Karlshochschule gemeinnützige GmbH Karlsruhe;Fachhochschulen / HAW;privat, staatlich anerkannt;Baden-Württemberg;361;2005;Nein;Nein;Karlstraße 36 - 38;76133;Karlsruhe;http://www.karlshochschule.de
Karlsruhe PH;Pädagogische Hochschule Karlsruhe;Universitäten;öffentlich-rechtlich;Baden-Württemberg;3552;1962;Ja;Ja;Bismarckstraße 10;76133;Karlsruhe;http://www.ph-karlsruhe.de
Karlsruhe U KIT;Karlsruher Institut für Technologie;Universitäten;öffentlich-rechtlich;Baden-Württemberg;22201;2009;Ja;Ja;Kaiserstraße 12;76131;Karlsruhe;http://www.kit.edu
Kassel CVJM;CVJM-Hochschule;Fachhochschulen / HAW;privat, staatlich anerkannt;Hessen;458;2009;Nein;Nein;Hugo-Preuß-Straße 40;34131;Kassel;http://www.cvjm-hochschule.de/
Kassel U;Universität Kassel;Universitäten;öffentlich-rechtlich;Hessen;21791;1971;Ja;Ja;Mönchebergstraße 19;34125;Kassel;http://www.uni-kassel.de
Kempten H;Hochschule für angewandte Wissenschaften Kempten;Fachhochschulen / HAW;öffentlich-rechtlich;Bayern;4777;1977;Nein;Nein;Bahnhofstraße 61;87435;Kempten;http://www.hs-kempten.de
Kiel FH;Fachhochschule Kiel;Fachhochschulen / HAW;öffentlich-rechtlich;Schleswig-Holstein;7670;1969;Nein;Nein;Sokratesplatz 1;24149;Kiel;http://www.fh-kiel.de
Kiel KuH;Muthesius Kunsthochschule;Künstlerische Hochschulen;öffentlich-rechtlich;Schleswig-Holstein;541;1994;Ja;Nein;Legienstraße 35;24103;Kiel;http://www.muthesius-kunsthochschule.de/de/
Kiel U;Christian-Albrechts-Universität zu Kiel;Universitäten;öffentlich-rechtlich;Schleswig-Holstein;25940;1665;Ja;Ja;Christian-Albrechts-Platz 4;24118;Kiel;http://www.uni-kiel.de
Koblenz H;Hochschule Koblenz;Fachhochschulen / HAW;öffentlich-rechtlich;Rheinland-Pfalz;8992;1996;Nein;Nein;Konrad-Zuse-Straße 1;56075;Koblenz;http://www.hs-koblenz.de
Koblenz HfG;Hochschule für Gesellschaftsgestaltung;Hochschulen eigenen Typs;privat, staatlich anerkannt;Rheinland-Pfalz;126;2015;Nein;Nein;Kornpfortstraße 15;56068;Koblenz;https://www.hfgg.de
Koblenz U;Universität Koblenz;Universitäten;öffentlich-rechtlich;Rheinland-Pfalz;9485;1990;Ja;Ja;Universitätsstraße 1;56070;Koblenz;https://www.uni-koblenz.de/de
Köln CBS;CBS International Business School - University of Applied Sciences;Fachhochschulen / HAW;privat, staatlich anerkannt;Nordrhein-Westfalen;2475;1993;Nein;Nein;Bahnstraße 6 - 8;50996;Köln;https://www.cbs.de/
Köln DSHS;Deutsche Sporthochschule Köln;Universitäten;öffentlich-rechtlich;Nordrhein-Westfalen;6098;1947;Ja;Ja;Am Sportpark Müngersdorf 6;50933;Köln;http://www.dshs-koeln.de
Köln HfMT;Hochschule für Musik und Tanz Köln;Künstlerische Hochschulen;öffentlich-rechtlich;Nordrhein-Westfalen;1398;1845;Ja;Nein;Unter Krahnenbäumen 87;50668;Köln;http://www.hfmt-koeln.de
Köln INU;INU - Innovative University of Applied Sciences;Fachhochschulen / HAW;privat, staatlich anerkannt;Nordrhein-Westfalen;;2022;Nein;Nein;Widdersdorfer Straße 262;50933;Köln;https://www.inu.de/
Köln KHKT;Kölner Hochschule für Katholische Theologie (KHKT);Universitäten;kirchlich, staatlich anerkannt;Nordrhein-Westfalen;85;;Ja;Nein;Gleuelerstraße 262-268;50935;Köln;www.khkt.de
Köln KolpingH;Kolping Hochschule;Fachhochschulen / HAW;privat, staatlich anerkannt;Nordrhein-Westfalen;19;2019;Nein;Nein;Mevissenstr.3;50668;Köln;https://www.kolping-hochschule.de/
Köln KuHMedien;Kunsthochschule für Medien Köln;Künstlerische Hochschulen;öffentlich-rechtlich;Nordrhein-Westfalen;413;1990;Ja;Nein;Peter-Welter-Platz 2;50676;Köln;http://www.khm.de
Köln RheinH;Rheinische Hochschule Köln;Fachhochschulen / HAW;privat, staatlich anerkannt;Nordrhein-Westfalen;5817;1958;Nein;Nein;Schaevenstraße 1a-b;50676;Köln;https://www.rh-koeln.de
Köln TH;Technische Hochschule Köln;Fachhochschulen / HAW;öffentlich-rechtlich;Nordrhein-Westfalen;24294;1971;Nein;Nein;Claudiusstraße 1;50678;Köln;http://www.th-koeln.de
Köln U;Universität zu Köln;Universitäten;öffentlich-rechtlich;Nordrhein-Westfalen;48063;1388;Ja;Ja;Albertus-Magnus-Platz;50931;Köln;https://uni-koeln.de
Konstanz AllensbachH;Allensbach Hochschule Konstanz,  staatlich anerkannte Hochschule der European Education Group GmbH;Fachhochschulen / HAW;privat, staatlich anerkannt;Baden-Württemberg;640;1996;Nein;Nein;Lohnerhofstraße 2;78467;Konstanz;https://www.allensbach-hochschule.de/
Konstanz H;Hochschule Konstanz Technik, Wirtschaft und Gestaltung;Fachhochschulen / HAW;öffentlich-rechtlich;Baden-Württemberg;4360;1906;Nein;Nein;Alfred-Wachtel-Straße 8;78462;Konstanz;http://www.htwg-konstanz.de
Konstanz U;Universität Konstanz;Universitäten;öffentlich-rechtlich;Baden-Württemberg;10472;1966;Ja;Ja;Universitätsstraße 10;78464;Konstanz;https://www.uni-konstanz.de/
Landshut H;Hochschule Landshut - Hochschule für angewandte Wissenschaften;Fachhochschulen / HAW;öffentlich-rechtlich;Bayern;4674;1978;Nein;Nein;Am Lurzenhof 1;84036;Landshut;http://www.haw-landshut.de
Leipzig HfGuB;Hochschule für Grafik und Buchkunst Leipzig;Künstlerische Hochschulen;öffentlich-rechtlich;Sachsen;589;1764;Ja;Nein;Wächterstraße 11;04107;Leipzig;http://www.hgb-leipzig.de
Leipzig HHL;HHL Leipzig Graduate School of Management;Universitäten;privat, staatlich anerkannt;Sachsen;739;1898;Ja;Ja;Jahnallee 59;04109;Leipzig;http://www.hhl.de
Leipzig HMT;Hochschule für Musik und Theater Felix Mendelssohn Bartholdy Leipzig;Künstlerische Hochschulen;öffentlich-rechtlich;Sachsen;1129;1843;Ja;Nein;Grassistraße 8;04107;Leipzig;http://www.hmt-leipzig.de
Leipzig HTWK;Hochschule für Technik, Wirtschaft und Kultur Leipzig;Fachhochschulen / HAW;öffentlich-rechtlich;Sachsen;6843;1992;Nein;Nein;Karl-Liebknecht-Straße 132;04277;Leipzig;http://www.htwk-leipzig.de
Leipzig U;Universität Leipzig;Universitäten;öffentlich-rechtlich;Sachsen;29582;1409;Ja;Ja;Ritterstraße 26;04109;Leipzig;http://www.uni-leipzig.de
Lübeck HfM;Musikhochschule Lübeck;Künstlerische Hochschulen;öffentlich-rechtlich;Schleswig-Holstein;416;1973;Ja;Nein;Große Petersgrube 21;23552;Lübeck;http://www.mh-luebeck.de
Lübeck TH;Technische Hochschule Lübeck;Fachhochschulen / HAW;öffentlich-rechtlich;Schleswig-Holstein;5138;1808;Nein;Nein;Mönkhofer Weg 239;23562;Lübeck;https://www.th-luebeck.de/
Lübeck U;Universität zu Lübeck;Universitäten;öffentlich-rechtlich;Schleswig-Holstein;5958;1964;Ja;Ja;Ratzeburger Allee 160;23562;Lübeck;http://www.uni-luebeck.de
Ludwigsburg EvH;Evangelische Hochschule Ludwigsburg, Hochschule für Soziale ;;;;;;;;;;;
;;;;;;;;;;;;
Fachhochschulen / HAW;kirchlich, staatlich anerkannt;Baden-Württemberg;1279;1999;Nein;Nein;Paulusweg 6;71638;Ludwigsburg;;;
Ludwigsburg PH;Pädagogische Hochschule Ludwigsburg;Universitäten;öffentlich-rechtlich;Baden-Württemberg;5988;1962;Ja;Ja;Reuteallee 46;71634;Ludwigsburg;http://www.ph-ludwigsburg.de
Ludwigshafen HWG;Hochschule für Wirtschaft und Gesellschaft Ludwigshafen ;Fachhochschulen / HAW;öffentlich-rechtlich;Rheinland-Pfalz;4400;1965;Nein;Nein;Ernst-Boehe-Str. 4;67059;Ludwigshafen;http://www.hwg-lu.de
Lüneburg U;Leuphana Universität Lüneburg;Universitäten;öffentlich-rechtlich;Niedersachsen;9268;1946;Ja;Ja;Universitätsallee 1;21335;Lüneburg;https://www.leuphana.de/services/studierendenservice/infoportal-erstauskunft-zum-studium.html
Magdeburg SH;Steinbeis Hochschule;Fachhochschulen / HAW;privat, staatlich anerkannt;Sachsen-Anhalt;4626;1998;Nein;Nein;Hegelstraße 39;39104;Magdeburg;https://www.steinbeis-hochschule.de/
Magdeburg-Stendal H;Hochschule Magdeburg-Stendal;Fachhochschulen / HAW;öffentlich-rechtlich;Sachsen-Anhalt;5258;1991;Ja;Nein;Breitscheidstraße 2;39114;Magdeburg;http://www.h2.de
Magdeburg U;Otto-von-Guericke-Universität Magdeburg;Universitäten;öffentlich-rechtlich;Sachsen-Anhalt;12490;1993;Ja;Ja;Universitätsplatz 2;39106;Magdeburg;http://www.ovgu.de
Mainz H;Hochschule Mainz;Fachhochschulen / HAW;öffentlich-rechtlich;Rheinland-Pfalz;5621;1996;Nein;Nein;Lucy-Hillebrand-Straße 2;55128;Mainz;https://www.hs-mainz.de/
Mainz KathH;Katholische Hochschule Mainz Catholic University of Applied Sciences;Fachhochschulen / HAW;kirchlich, staatlich anerkannt;Rheinland-Pfalz;1543;1972;Nein;Nein;Saarstraße 3;55122;Mainz;https://www.kh-mz.de/katholische-hochschule/
Mainz U;Johannes Gutenberg-Universität Mainz;Universitäten;öffentlich-rechtlich;Rheinland-Pfalz;29617;1477;Ja;Ja;Saarstraße 21;55122;Mainz;http://www.uni-mainz.de
Mannheim H;Hochschule Mannheim;Fachhochschulen / HAW;öffentlich-rechtlich;Baden-Württemberg;5034;1898;Nein;Nein;Paul-Wittsack-Straße 10;68163;Mannheim;http://www.hs-mannheim.de
Mannheim HdBA (Verw);Hochschule der Bundesagentur für Arbeit - Staatlich anerkannte Hochschule für angewandte Wissenschaft in Mannheim und Schwerin (University of Applied Labour Studies of the Federal Employment Agency);Verwaltungshochschule;öffentlich-rechtlich;Baden-Württemberg;1514;2006;Nein;Nein;Seckenheimer Landstraße 16;68163;Mannheim;http://www.hdba.de/
Mannheim HdWM;Hochschule der Wirtschaft für Management;Fachhochschulen / HAW;privat, staatlich anerkannt;Baden-Württemberg;290;2011;Nein;Nein;Oskar-Meixner-Straße 4-6;68163;Mannheim;http://www.hdwm.de
Mannheim HfM;Staatliche Hochschule für Musik und Darstellende Kunst Mannheim;Künstlerische Hochschulen;öffentlich-rechtlich;Baden-Württemberg;575;1971;Ja;Nein;N 7, 18;68161;Mannheim;http://www.muho-mannheim.de
Mannheim U;Universität Mannheim;Universitäten;öffentlich-rechtlich;Baden-Württemberg;11397;1907;Ja;Ja;Schloss;68161;Mannheim;http://www.uni-mannheim.de
Marburg EHTabor;Evangelische Hochschule Tabor;Fachhochschulen / HAW;privat, staatlich anerkannt;Hessen;165;1909;Nein;Nein;Dürerstraße 43;35039;Marburg;www.eh-tabor.de
Marburg HArchiv (Verw);Archivschule Marburg - Hochschule für Archivwissenschaft;Verwaltungshochschule;öffentlich-rechtlich;Hessen;73;;Nein;Nein;Bismarckstraße 32;35037;Marburg;https://www.archivschule.de/DE/ausbildung/gehobener-dienst/
Marburg U;Philipps-Universität Marburg;Universitäten;öffentlich-rechtlich;Hessen;21237;1527;Ja;Ja;Biegenstraße 10;35037;Marburg;http://www.uni-marburg.de
Mecklenburg-Vorp. FHVerw (Verw);Fachhochschule für öffentliche Verwaltung, Polizei und Rechtspflege des Landes Mecklenburg-Vorpommern;Verwaltungshochschule;öffentlich-rechtlich;Mecklenburg-Vorpommern;669;;Nein;Nein;Goldberger Straße 12-13;18273;Güstrow;http://www.fh-guestrow.de
Merseburg H;Hochschule Merseburg;Fachhochschulen / HAW;öffentlich-rechtlich;Sachsen-Anhalt;2953;1992;Ja;Nein;Eberhard-Leibnitz-Straße 2;06217;Merseburg;http://www.hs-merseburg.de
Mittelhessen THM;Technische Hochschule Mittelhessen - THM;Fachhochschulen / HAW;öffentlich-rechtlich;Hessen;16795;1971;Nein;Nein;Wiesenstraße 14;35390;Gießen;http://www.thm.de
Mittweida H;Hochschule Mittweida, University of Applied Sciences;Fachhochschulen / HAW;öffentlich-rechtlich;Sachsen;6079;1867;Nein;Nein;Technikumplatz 17;09648;Mittweida;www.hs-mittweida.de
München AkdBK;Akademie der Bildenden Künste München;Künstlerische Hochschulen;öffentlich-rechtlich;Bayern;754;1808;Ja;Nein;Akademiestraße 2-4;80799;München;http://www.adbk.de/
München HAW;Hochschule für angewandte Wissenschaften München;Fachhochschulen / HAW;öffentlich-rechtlich;Bayern;18062;1971;Nein;Nein;Lothstr. 34;80335;München;http://www.hm.edu
München HDBW;Hochschule der Bayerischen Wirtschaft für angewandte Wissenschaften - HDBW;Fachhochschulen / HAW;privat, staatlich anerkannt;Bayern;469;2012;Nein;Nein;Konrad-Zuse-Platz 8;81829;München;www.hdbw-hochschule.de
München HFF;Hochschule für Fernsehen und Film München;Künstlerische Hochschulen;öffentlich-rechtlich;Bayern;398;1966;Ja;Nein;Bernd-Eichinger-Platz 1;80333;München;http://www.hff-muc.de
München HMT;Hochschule für Musik und Theater München;Künstlerische Hochschulen;öffentlich-rechtlich;Bayern;1182;1830;Ja;Nein;Arcisstraße 12;80333;München;http://www.hmtm.de
München HPhil;Hochschule für Philosophie;Universitäten;kirchlich, staatlich anerkannt;Bayern;419;1925;Ja;Ja;Kaulbachstraße 31;80539;München;http://www.hfph.de
München IH;Internationale Hochschule SDI München - Hochschule für angewandte Wissenschaften;Fachhochschulen / HAW;privat, staatlich anerkannt;Bayern;286;2007;Nein;Nein;Baierbrunner Straße 28;81379;München;https://www.sdi-muenchen.de/hochschule/
München KathH;Katholische    Stiftungshochschule für   angewandte Wissenschaften München - Hochschule der Kirchlichen Stiftung des öffentlichen Rechts Katholische Bildungsstätten für Sozialberufe in Bayern;Fachhochschulen / HAW;kirchlich, staatlich anerkannt;Bayern;2401;1971;Nein;Nein;Preysingstraße 95;81667;München;http://www.ksh-muenchen.de
München MBS;Munich Business School - Staatlich anerkannte private Fachhochschule;Fachhochschulen / HAW;privat, staatlich anerkannt;Bayern;613;1991;Nein;Nein;Elsenheimerstraße 61;80687;München;http://www.munich-business-school.de
München TUM;Technische Universität München;Universitäten;öffentlich-rechtlich;Bayern;54575;1868;Ja;Ja;Arcisstraße 21;80333;München;http://www.tum.de
München U;Ludwig-Maximilians-Universität München;Universitäten;öffentlich-rechtlich;Bayern;52086;1472;Ja;Ja;Geschwister-Scholl-Platz 1;80539;München;http://www.lmu.de
München UBw;Universität der Bundeswehr München;Universitäten;öffentlich-rechtlich;Bayern;3456;1973;Ja;Ja;Werner-Heisenberg-Weg 39;85577;Neubiberg;http://www.unibw.de
Münster FH;FH Münster University of Applied Sciences;Fachhochschulen / HAW;öffentlich-rechtlich;Nordrhein-Westfalen;15184;1971;Nein;Nein;Hüfferstr. 27;48149;Münster;https://www.fh-muenster.de/index.php
Münster KuAk;Kunstakademie Münster, Hochschule für Bildende Künste;Künstlerische Hochschulen;öffentlich-rechtlich;Nordrhein-Westfalen;375;1971;Ja;Ja;Leonardo-Campus 2;48149;Münster;https://www.kunstakademie-muenster.de/hochschule/organisation-und-verwaltung
Münster PhThH;Philosophisch-Theologische Hochschule Münster - Kirchlich und staatlich anerkannte Hochschule in Trägerschaft der PTH Philosophisch-Theologische Hochschule Münster gemeinnützige GmbH;Universitäten;kirchlich, staatlich anerkannt;Nordrhein-Westfalen;7;1971;Nein;Nein;Kapuzinerstr. 27;48149;Münster;http://www.pth-muenster.de
Münster U;Universität Münster;Universitäten;öffentlich-rechtlich;Nordrhein-Westfalen;42458;1780;Ja;Ja;Schlossplatz 2;48149;Münster;https://www.uni-muenster.de
Neubrandenburg H;Hochschule Neubrandenburg - University of Applied Sciences;Fachhochschulen / HAW;öffentlich-rechtlich;Mecklenburg-Vorpommern;2082;1991;Nein;Nein;Brodaer Straße 2;17033;Neubrandenburg;http://www.hs-nb.de
Neuendettelsau KiH;Augustana-Hochschule Neuendettelsau;Universitäten;kirchlich, staatlich anerkannt;Bayern;97;1947;Ja;Ja;Waldstraße 11;91564;Neuendettelsau;http://www.augustana.de
Neuruppin MHB;Medizinische Hochschule Brandenburg Theodor Fontane;Universitäten;privat, staatlich anerkannt;Brandenburg;819;2014;Nein;Nein;Fehrbelliner Str. 38;16816;Neuruppin;http://www.mhb-fontane.de
Neu-Ulm H;Hochschule für angewandte Wissenschaften Neu-Ulm;Fachhochschulen / HAW;öffentlich-rechtlich;Bayern;4077;1994;Nein;Nein;Wileystraße 1;89231;Neu-Ulm;https://www.hnu.de
Niederrhein H;Hochschule Niederrhein;Fachhochschulen / HAW;öffentlich-rechtlich;Nordrhein-Westfalen;13179;1971;Nein;Nein;Reinarzstraße 49;47805;Krefeld;http://www.hs-niederrhein.de
Niedersachsen HRecht (Verw);Norddeutsche Hochschule für Rechtspflege - Niedersachsen;Verwaltungshochschule;öffentlich-rechtlich;Niedersachsen;404;;Nein;Nein;Godehardspl. 6;31134;Hildesheim;http://www.hr-nord.niedersachsen.de/index.php?id=49
Niedersachsen HVerw (Verw);Kommunale Hochschule für Verwaltung in Niedersachsen;Verwaltungshochschule;öffentlich-rechtlich;Niedersachsen;1561;2007;Nein;Nein;Wielandstraße 8;30169;Hannover;http://www.nsi-hsvn.de/
Niedersachsen PolAk (Verw);Polizeiakademie Niedersachsen;Verwaltungshochschule;öffentlich-rechtlich;Niedersachsen;;;Nein;Nein;Bürgermeister-Stahn-Wall 9;31582;Nienburg;https://www.pa.polizei-nds.de/startseite/
Niedersachsen SteuerAk (Verw);Steuerakademie Niedersachsen;Verwaltungshochschule;öffentlich-rechtlich;Niedersachsen;;2006;Nein;Nein;Bahnhofstraße 5;31707;Bad Eilsen;https://www.steuerakademie.niedersachsen.de/startseite/
Nordhausen H;Hochschule Nordhausen;Fachhochschulen / HAW;öffentlich-rechtlich;Thüringen;2035;1997;Nein;Nein;Weinberghof 4;99734;Nordhausen;http://www.hs-nordhausen.de
Nordhessen FH;DIPLOMA Hochschule - Private Fachhochschule Nordhessen;Fachhochschulen / HAW;privat, staatlich anerkannt;Hessen;7775;1997;Nein;Nein;Am Hegeberg 2;37242;Bad Sooden-Allendorf;http://www.diploma.de
Nordrhein-Westfalen DHPol (Verw);Deutsche Hochschule der Polizei;Verwaltungshochschule;öffentlich-rechtlich;Nordrhein-Westfalen;434;2008;Ja;Nein;Zum Roten Berge 18;48165;Münster;https://www.dhpol.de
Nordrhein-Westfalen FHRecht (Verw);Fachhochschule für Rechtspflege Nordrhein-Westfalen;Verwaltungshochschule;öffentlich-rechtlich;Nordrhein-Westfalen;887;1976;Nein;Nein;Schleidtalstraße 3;53902;Bad Münstereifel;https://www.fhr.nrw.de/
Nordrhein-Westfalen HFinanz (Verw);Hochschule für Finanzen NRW;Verwaltungshochschule;öffentlich-rechtlich;Nordrhein-Westfalen;2795;1976;Nein;Nein;Schloßstraße;59394;Nordkirchen;https://www.finanzverwaltung.nrw.de/de/duales-studium-der-hsf-nrw
Nordrhein-Westfalen HSPV (Verw);Hochschule für Polizei und öffentliche Verwaltung Nordrhein-Westfalen;Verwaltungshochschule;öffentlich-rechtlich;Nordrhein-Westfalen;13078;1976;Nein;Nein;Haidekamp 73;45886;Gelsenkirchen;https://www.hspv.nrw.de/
Nordrhein-Westfalen KathH;Katholische Hochschule Nordrhein-Westfalen - Catholic University of Applied Sciences;Fachhochschulen / HAW;kirchlich, staatlich anerkannt;Nordrhein-Westfalen;5440;1971;Nein;Nein;Wörthstraße 10;50668;Köln;http://www.katho-nrw.de
Nordrhein-Westfalen SRH;SRH Hochschule in Nordrhein-Westfalen;Fachhochschulen / HAW;privat, staatlich anerkannt;Nordrhein-Westfalen;740;2005;Nein;Nein;Platz der Deutschen Einheit 1;59065;Hamm;https://www.srh-hochschule-nrw.de/?utm_source=wkz-HA91531IM
Nürnberg AkdBK;Akademie der Bildenden Künste Nürnberg;Künstlerische Hochschulen;öffentlich-rechtlich;Bayern;310;1662;Nein;Nein;Bingstraße 60;90480;Nürnberg;http://www.adbk-nuernberg.de
Nürnberg EvH;Evangelische Hochschule für angewandte Wissenschaften - Evangelische Fachhochschule Nürnberg;Fachhochschulen / HAW;kirchlich, staatlich anerkannt;Bayern;1211;1927;Nein;Nein;Bärenschanzstraße 4;90429;Nürnberg;http://www.evhn.de/
Nürnberg HfM;Hochschule für Musik Nürnberg;Künstlerische Hochschulen;öffentlich-rechtlich;Bayern;333;2008;Ja;Nein;Veilhofstraße 34;90489;Nürnberg;http://www.hfm-nuernberg.de
Nürnberg TH;Technische Hochschule Nürnberg Georg Simon Ohm;Fachhochschulen / HAW;öffentlich-rechtlich;Bayern;12355;1823;Nein;Nein;Keßlerplatz 12;90489;Nürnberg;https://www.th-nuernberg.de/
Nürnberg TU;Technische Universität Nürnberg;Universitäten;öffentlich-rechtlich;Bayern;18;2021;Ja;Nein;Ulmenstraße 52i;90443;Nürnberg;https://www.utn.de/
Nürtingen-Geislingen H;Hochschule für Wirtschaft und Umwelt Nürtingen-Geislingen;Fachhochschulen / HAW;öffentlich-rechtlich;Baden-Württemberg;5066;1949;Nein;Nein;Neckarsteige 6-10;72622;Nürtingen;http://www.hfwu.de
Oberursel LuthThH;Lutherische Theologische Hochschule Oberursel;Universitäten;kirchlich, staatlich anerkannt;Hessen;17;1947;Nein;Nein;Altkönigstraße 150;61440;Oberursel;http://www.lthh-oberursel.de
Offenbach HfGest;Hochschule für Gestaltung Offenbach;Künstlerische Hochschulen;öffentlich-rechtlich;Hessen;795;1970;Ja;Nein;Schloßstraße 31;63065;Offenbach;http://www.hfg-offenbach.de
Offenburg H;Hochschule für Technik, Wirtschaft und Medien Offenburg;Fachhochschulen / HAW;öffentlich-rechtlich;Baden-Württemberg;3761;1964;Nein;Nein;Badstraße 24;77652;Offenburg;http://www.hs-offenburg.de
Oldenburg U;Carl von Ossietzky Universität Oldenburg;Universitäten;öffentlich-rechtlich;Niedersachsen;15335;1973;Ja;Ja;Ammerländer Heerstraße 114-118;26129;Oldenburg;http://www.uol.de
Osnabrück H;Hochschule Osnabrück;Fachhochschulen / HAW;öffentlich-rechtlich;Niedersachsen;13317;1971;Nein;Nein;Albrechtstraße 30;49076;Osnabrück;http://www.hs-osnabrueck.de
Osnabrück U;Universität Osnabrück;Universitäten;öffentlich-rechtlich;Niedersachsen;13487;1973;Ja;Ja;Neuer Graben/Schloss;49074;Osnabrück;http://www.uni-osnabrueck.de
Ostfalia H;Hochschule Braunschweig/Wolfenbüttel, Ostfalia Hochschule für angewandte Wissenschaften;Fachhochschulen / HAW;öffentlich-rechtlich;Niedersachsen;10775;1971;Nein;Nein;Salzdahlumer Straße 46/48;38302;Wolfenbüttel;http://www.ostfalia.de
Ostwestfalen-Lippe TH;Technische Hochschule Ostwestfalen-Lippe;Fachhochschulen / HAW;öffentlich-rechtlich;Nordrhein-Westfalen;5960;1971;Nein;Nein;Campusallee 12;32657;Lemgo;http://www.th-owl.de
Ottersberg H;Hochschule für Künste im Sozialen, Ottersberg;Fachhochschulen / HAW;privat, staatlich anerkannt;Niedersachsen;325;1967;Nein;Nein;Große Straße 107;28870;Ottersberg;https://www.hks-ottersberg.de
Paderborn FHDW;Fachhochschule der Wirtschaft;Fachhochschulen / HAW;privat, staatlich anerkannt;Nordrhein-Westfalen;2021;1993;Nein;Nein;Fürstenallee 5;33102;Paderborn;https://www.fhdw.de
Paderborn ThFak;Theologische Fakultät Paderborn;Universitäten;kirchlich, staatlich anerkannt;Nordrhein-Westfalen;60;1614;Ja;Ja;Kamp 6;33098;Paderborn;http://www.thf-paderborn.de/
Paderborn U;Universität Paderborn;Universitäten;öffentlich-rechtlich;Nordrhein-Westfalen;17228;1972;Ja;Ja;Warburger Straße 100;33098;Paderborn;http://www.uni-paderborn.de
Passau U;Universität Passau;Universitäten;öffentlich-rechtlich;Bayern;10881;1973;Ja;Ja;Innstraße 41;94032;Passau;http://www.uni-passau.de
Pforzheim H;Hochschule Pforzheim - Gestaltung, Technik, Wirtschaft und Recht;Fachhochschulen / HAW;öffentlich-rechtlich;Baden-Württemberg;5659;1877;Nein;Nein;Tiefenbronner Straße 65;75175;Pforzheim;http://www.hs-pforzheim.de/
Potsdam-Babelsberg FilmU;Filmuniversität Babelsberg Konrad Wolf;Künstlerische Hochschulen;öffentlich-rechtlich;Brandenburg;947;1954;Ja;Nein;Marlene-Dietrich-Allee 11;14482;Potsdam;https://www.filmuniversitaet.de/
Potsdam CHP;Hochschule Clara Hoffbauer (HCHP) - University of Applied Sciences;Fachhochschulen / HAW;privat, staatlich anerkannt;Brandenburg;119;2016;Nein;Nein;Hermannswerder 7;14473;Potsdam;https://hchp.de/
Potsdam FH;Fachhochschule Potsdam;Fachhochschulen / HAW;öffentlich-rechtlich;Brandenburg;3730;1991;Nein;Nein;Kiepenheuerallee 5;14469;Potsdam;https://www.fh-potsdam.de
Potsdam FHSport;Fachhochschule für Sport und Management Potsdam;Fachhochschulen / HAW;privat, staatlich anerkannt;Brandenburg;553;2009;Nein;Nein;Olympischer Weg 7;14471;Potsdam;www.fhsmp.de
Potsdam GISMA;Gisma University of Applied Sciences;Fachhochschulen / HAW;privat, staatlich anerkannt;Brandenburg;834;2020;Nein;Nein;Konrad-Zuse-Ring 11;14469;Potsdam;https://www.gisma.com
Potsdam GU;GU Deutsche Hochschule für Angewandte Wissenschaften - German University of Applied Sciences;Fachhochschulen / HAW;privat, staatlich anerkannt;Brandenburg;50;2022;Nein;Nein;Jägerallee 26;14469;Potsdam;https://gu-hochschule.de/
Potsdam HSD;HSD Hochschule Döpfer;Fachhochschulen / HAW;privat, staatlich anerkannt;Brandenburg;1405;2013;Nein;Nein;Tuchmacherstraße 48b;14482;Potsdam;https://www.hs-doepfer.de/
Potsdam U;Universität Potsdam;Universitäten;öffentlich-rechtlich;Brandenburg;20401;1991;Ja;Ja;Am Neuen Palais 10;14469;Potsdam;http://www.uni-potsdam.de
Potsdam UE;University of Europe for Applied Sciences;Fachhochschulen / HAW;privat, staatlich anerkannt;Brandenburg;4787;2000;Nein;Nein;Konrad-Zuse-Ring 11;14469;Potsdam;https://www.ue-germany.com/
Potsdam XU;XU Exponential University of Applied Sciences;Fachhochschulen / HAW;privat, staatlich anerkannt;Brandenburg;176;2018;Nein;Nein;August-Bebel-Straße 26-53;14482;Potsdam;https://xu-university.com
Ravensburg-Weingarten H;Hochschule Ravensburg-Weingarten;Fachhochschulen / HAW;öffentlich-rechtlich;Baden-Württemberg;3448;1964;Nein;Nein;Doggenriedstraße 70;88250;Weingarten;http://www.rwu.de
Regensburg HfKiM;Hochschule für Katholische Kirchenmusik und Musikpädagogik;Künstlerische Hochschulen;kirchlich, staatlich anerkannt;Bayern;121;2001;Nein;Nein;Andreasstraße 9;93059;Regensburg;http://www.hfkm-regensburg.de
Regensburg OTH;Ostbayerische Technische Hochschule Regensburg;Fachhochschulen / HAW;öffentlich-rechtlich;Bayern;10704;1971;Nein;Nein;Seybothstraße 2;93053;Regensburg;http://www.oth-regensburg.de
Regensburg U;Universität Regensburg;Universitäten;öffentlich-rechtlich;Bayern;20353;1962;Ja;Ja;Universitätsstraße 31;93053;Regensburg;https://www.uni-regensburg.de
Reutlingen HTWID;Hochschule Reutlingen, Hochschule für Technik-  Wirtschaft-Informatik-Design;Fachhochschulen / HAW;öffentlich-rechtlich;Baden-Württemberg;4933;1855;Nein;Nein;Alteburgstraße 150;72762;Reutlingen;http://www.reutlingen-university.de/
Reutlingen ThH;Theologische Hochschule Reutlingen - staatlich anerkannte Fachhochschule der Evangelisch-methodistischen Kirche;Fachhochschulen / HAW;kirchlich, staatlich anerkannt;Baden-Württemberg;105;1877;Nein;Nein;Friedrich-Ebert-Straße 31;72762;Reutlingen;http://www.th-reutlingen.de
Rheinland-Pfalz HFinanz (Verw);Hochschule für Finanzen Rheinland-Pfalz;Verwaltungshochschule;öffentlich-rechtlich;Rheinland-Pfalz;666;;Nein;Nein;Luitpoldstraße 33;67480;Edenkoben;https://landesfinanzschule-edenkoben.fin-rlp.de/hochschule
Rheinland-Pfalz HPol (Verw);Hochschule der Polizei Rheinland-Pfalz;Verwaltungshochschule;öffentlich-rechtlich;Rheinland-Pfalz;1511;;Nein;Nein;Hunsrück Drive;55491;Büchenbeuren;https://www.polizei.rlp.de/de/die-polizei/dienststellen/hochschule-der-polizei-rheinland-pfalz/
Rheinland-Pfalz HVerw (Verw);Hochschule für öffentliche Verwaltung Rheinland-Pfalz;Verwaltungshochschule;öffentlich-rechtlich;Rheinland-Pfalz;912;1981;Nein;Nein;St.-Veit-Straße 26-28;56727;Mayen;https://hoev-rlp.de/de/ueber-die-hochschule/kontakt/
RheinMain H;Hochschule RheinMain;Fachhochschulen / HAW;öffentlich-rechtlich;Hessen;12945;1971;Ja;Nein;Kurt-Schumacher-Ring 18;65197;Wiesbaden;https://www.hs-rm.de/de/
Rhein-Waal H;Hochschule Rhein-Waal - University of Applied Sciences;Fachhochschulen / HAW;öffentlich-rechtlich;Nordrhein-Westfalen;6465;2009;Nein;Nein;Marie-Curie-Str. 1;47533;Kleve;http://www.hochschule-rhein-waal.de/
Riedlingen SRH;SRH Fernhochschule - The Mobile University;Fachhochschulen / HAW;privat, staatlich anerkannt;Baden-Württemberg;8746;1996;Nein;Nein;Kirchstraße 26;88499;Riedlingen;https://www.mobile-university.de
Rosenheim TH;Technische Hochschule Rosenheim;Fachhochschulen / HAW;öffentlich-rechtlich;Bayern;6648;1971;Nein;Nein;Hochschulstraße 1;83024;Rosenheim;http://www.th-rosenheim.de/
Rostock HMT;Hochschule für Musik und Theater Rostock;Künstlerische Hochschulen;öffentlich-rechtlich;Mecklenburg-Vorpommern;567;1994;Ja;Ja;Beim St.-Katharinenstift 8;18055;Rostock;http://www.hmt-rostock.de
Rostock U;Universität Rostock;Universitäten;öffentlich-rechtlich;Mecklenburg-Vorpommern;12678;1419;Ja;Ja;Universitätsplatz 1;18055;Rostock;http://www.uni-rostock.de
Rottenburg H;Hochschule für Forstwirtschaft Rottenburg;Fachhochschulen / HAW;öffentlich-rechtlich;Baden-Württemberg;941;1954;Nein;Nein;Schadenweilerhof;72108;Rottenburg;http://www.hs-rottenburg.net
Rottenburg HfKiM;Hochschule für Kirchenmusik der Diözese Rottenburg-Stuttgart;Künstlerische Hochschulen;kirchlich, staatlich anerkannt;Baden-Württemberg;19;1949;Nein;Nein;St.-Meinrad-Weg 6;72108;Rottenburg;www.kirchenmusik-hochschule.org
Ruhr West H;Hochschule Ruhr West- University of Applied Sciences;Fachhochschulen / HAW;öffentlich-rechtlich;Nordrhein-Westfalen;5999;2009;Nein;Nein;Duisburger Straße 100;45479;Mülheim;http://www.hochschule-ruhr-west.de
Saarbrücken DHfPG;Deutsche Hochschule für Prävention und Gesundheitsmanagement GmbH;Fachhochschulen / HAW;privat, staatlich anerkannt;Saarland;7133;2001;Nein;Nein;Hermann-Neuberger-Straße 3;66123;Saarbrücken;http://www.dhfpg.de
Saarbrücken HfM;Hochschule für Musik Saar;Künstlerische Hochschulen;öffentlich-rechtlich;Saarland;501;1947;Ja;Nein;Bismarckstraße 1;66111;Saarbrücken;www.hfmsaar.de
Saarbrücken HTW;Hochschule für Technik und Wirtschaft des Saarlandes;Fachhochschulen / HAW;öffentlich-rechtlich;Saarland;5942;1971;Nein;Nein;Goebenstraße 40;66117;Saarbrücken;http://www.htwsaar.de
Saarbrücken U;Universität des Saarlandes;Universitäten;öffentlich-rechtlich;Saarland;15949;1948;Ja;Ja;Campus;66123;Saarbrücken;https://www.uni-saarland.de
Saar HBK;Hochschule der Bildenden Künste Saar;Künstlerische Hochschulen;öffentlich-rechtlich;Saarland;434;1989;Ja;Nein;Keplerstraße 3-5;66117;Saarbrücken;https://www.hbksaar.de
Saarland FHVerw (Verw);Fachhochschule der Verwaltung des Saarlandes;Verwaltungshochschule;öffentlich-rechtlich;Saarland;802;1980;Nein;Nein;Am Campus 7;66287;Quierschied;https://www.saarland.de/fhsv/DE/home/home_node.html
Sachsen-Anhalt FHPol (Verw);Fachhochschule Polizei Sachsen-Anhalt;Verwaltungshochschule;öffentlich-rechtlich;Sachsen-Anhalt;705;1997;Nein;Nein;Schmidtmannstraße 86;06449;Aschersleben;https://fh-polizei.sachsen-anhalt.de/fachhochschule
Sachsen HPol (Verw);Hochschule der Sächsischen Polizei (FH);Verwaltungshochschule;öffentlich-rechtlich;Sachsen;640;1994;Nein;Nein;Friedensstraße 120;02929;Rothenburg;https://www.polizei.sachsen.de/de/polfh.htm
Sachsen HVerw (VerwH);Hochschule für öffentliche Verwaltung und Rechtspflege (FH), Fortbildungszentrum des Freistaates Sachsen (HSF);Verwaltungshochschule;öffentlich-rechtlich;Sachsen;1035;1992;Nein;Nein;Herbert-Böhme-Straße 11;01662;Meißen;https://www.hsf.sachsen.de/
Schleswig-Holstein DHSH;Duale Hochschule Schleswig-Holstein - staatlich anerkannte Hochschule für angewandte Wissenschaften in Trägerschaft der Wirtschaftsakademie Schleswig-Holstein;Fachhochschulen / HAW;privat, staatlich anerkannt;Schleswig-Holstein;512;2018;Nein;Nein;Hans-Detlev-Prien-Straße 10;24106;Kiel;https://www.dhsh.de
Schleswig-Holstein FHVD (Verw);Fachhochschule für Verwaltung und Dienstleistung in Schleswig-Holstein;Verwaltungshochschule;öffentlich-rechtlich;Schleswig-Holstein;1716;1975;Nein;Nein;Rehmkamp 10;24161;Altenholz;https://www.fhvd-sh.de/hochschule/fhvd/
Schmalkalden H;Hochschule Schmalkalden;Fachhochschulen / HAW;öffentlich-rechtlich;Thüringen;2564;1991;Nein;Nein;Blechhammer 9;98574;Schmalkalden;http://www.hs-schmalkalden.de
Schwäbisch Gmünd HGest;Hochschule für Gestaltung Schwäbisch Gmünd;Fachhochschulen / HAW;öffentlich-rechtlich;Baden-Württemberg;678;1909;Nein;Nein;Rektor-Klaus-Str. 100;73525;Schwäbisch Gmünd;http://www.hfg-gmuend.de
Schwäbisch Gmünd PH;Pädagogische Hochschule Schwäbisch Gmünd;Universitäten;öffentlich-rechtlich;Baden-Württemberg;2780;1962;Ja;Ja;Oberbettringer Str. 200;73525;Schwäbisch Gmünd;https://www.ph-gmuend.de
Siegen U;Universität Siegen;Universitäten;öffentlich-rechtlich;Nordrhein-Westfalen;15186;1972;Ja;Ja;Adolf-Reichwein-Straße 2;57076;Siegen;http://www.uni-siegen.de
Speyer DUV;Deutsche Universität für Verwaltungswissenschaften Speyer;Universitäten;öffentlich-rechtlich;Rheinland-Pfalz;278;1947;Ja;Ja;Freiherr-vom-Stein-Straße 2;67346;Speyer;http://www.uni-speyer.de
Stralsund H;Hochschule Stralsund;Fachhochschulen / HAW;öffentlich-rechtlich;Mecklenburg-Vorpommern;2268;1991;Nein;Nein;Zur Schwedenschanze 15;18435;Stralsund;www.hochschule-stralsund.de
Stuttgart AKAD;AKAD Hochschule Stuttgart - staatlich anerkannt;Fachhochschulen / HAW;privat, staatlich anerkannt;Baden-Württemberg;6370;1959;Nein;Nein;Heilbronner Str. 86;70191;Stuttgart;https://www.akad.de/?wkz=7007AA
Stuttgart AkdBK;Staatliche Akademie der Bildenden Künste Stuttgart;Künstlerische Hochschulen;öffentlich-rechtlich;Baden-Württemberg;801;1761;Ja;Ja;Am Weißenhof 1;70191;Stuttgart;http://www.abk-stuttgart.de
Stuttgart DH;Duale Hochschule Baden-Württemberg;Hochschulen eigenen Typs;öffentlich-rechtlich;Baden-Württemberg;32647;2009;Nein;Nein;Friedrichstraße 14.;70174;Stuttgart;http://www.dhbw.de
Stuttgart H;Hochschule für Technik Stuttgart;Fachhochschulen / HAW;öffentlich-rechtlich;Baden-Württemberg;3945;1832;Nein;Nein;Schellingstraße 24;70174;Stuttgart;http://www.hft-stuttgart.de
Stuttgart HdM;Hochschule der Medien Stuttgart;Fachhochschulen / HAW;öffentlich-rechtlich;Baden-Württemberg;5513;1903;Nein;Nein;Nobelstraße 10;70569;Stuttgart;http://www.hdm-stuttgart.de
Stuttgart HfK+G;Hochschule für Kommunikation und Gestaltung;Fachhochschulen / HAW;privat, staatlich anerkannt;Baden-Württemberg;59;2013;Nein;Nein;Kölner Straße 38;70376;Stuttgart;www.hfk-bw.de
Stuttgart HfM;Staatliche Hochschule für Musik und Darstellende Kunst Stuttgart;Künstlerische Hochschulen;öffentlich-rechtlich;Baden-Württemberg;757;1857;Ja;Nein;Urbanstraße 25;70182;Stuttgart;http://www.hmdk-stuttgart.de
Stuttgart MAW;Hochschule Macromedia - staatlich anerkannte Hochschule für angewandte Wissenschaften der Macromedia GmbH mit Sitz in Stuttgart;Fachhochschulen / HAW;privat, staatlich anerkannt;Baden-Württemberg;5190;2006;Nein;Nein;Naststraße 11/Im Römerkastell;70376;Stuttgart;http://www.macromedia-fachhochschule.de/
Stuttgart MediaAk;media Akademie - Hochschule Stuttgart;Fachhochschulen / HAW;privat, staatlich anerkannt;Baden-Württemberg;13;2015;Nein;Nein;Tübinger Str. 12-16;70178;Stuttgart;www.media-hs.de
Stuttgart MerzAk;Merz Akademie Hochschule für Gestaltung, Kunst und Medien, Stuttgart - Staatlich anerkannt;Fachhochschulen / HAW;privat, staatlich anerkannt;Baden-Württemberg;208;1985;Nein;Nein;Teckstraße 58;70190;Stuttgart;http://www.merz-akademie.de
Stuttgart U;Universität Stuttgart;Universitäten;öffentlich-rechtlich;Baden-Württemberg;21141;1829;Ja;Ja;Keplerstraße 7;70174;Stuttgart;http://www.uni-stuttgart.de
Stuttgart U Waldorf;Freie Hochschule Stuttgart - Seminar für Waldorfpädagogik. Staatlich anerkannte wissenschaftliche Hochschule.;Universitäten;privat, staatlich anerkannt;Baden-Württemberg;304;1919;Nein;Nein;Haußmannstraße 44a;70188;Stuttgart;http://www.freie-hochschule-stuttgart.de
Stuttgart VWA;VWA-Hochschule für berufsbegleitendes Studium;Fachhochschulen / HAW;privat, staatlich anerkannt;Baden-Württemberg;33;2013;Nein;Nein;Wolframstraße 32;70191;Stuttgart;https://www.vwa-hochschule.de
Südwestfalen FH;Fachhochschule Südwestfalen;Fachhochschulen / HAW;öffentlich-rechtlich;Nordrhein-Westfalen;10995;2002;Nein;Nein;Baarstraße 6;58636;Iserlohn;https://www.fh-swf.de
Thüringen VerwH (Verw);Thüringer Fachhochschule für öffentliche Verwaltung;Verwaltungshochschule;öffentlich-rechtlich;Thüringen;641;1994;Nein;Nein;Bahnhofstraße 12;99867;Gotha;https://bildungszentrum.thueringen.de/thueringer-fachhochschule-fuer-oeffentliche-verwaltung
Trier H;Hochschule Trier - Trier University of Applied Sciences;Fachhochschulen / HAW;öffentlich-rechtlich;Rheinland-Pfalz;6688;1971;Nein;Nein;Schneidershof;54293;Trier;http://www.hochschule-trier.de/
Trier ThFak;Theologische Fakultät Trier;Universitäten;kirchlich, staatlich anerkannt;Rheinland-Pfalz;150;1950;Ja;Ja;Universitätsring 19;54296;Trier;https://theologie-trier.de/
Trier U;Universität Trier;Universitäten;öffentlich-rechtlich;Rheinland-Pfalz;10518;1970;Ja;Ja;Universitätsring 15;54296;Trier;http://www.uni-trier.de
Trossingen HfM;Staatliche Hochschule für Musik Trossingen;Künstlerische Hochschulen;öffentlich-rechtlich;Baden-Württemberg;419;1944;Ja;Nein;Schultheiß-Koch-Platz 3;78647;Trossingen;https://www.hfm-trossingen.de
Tübingen HfKiM;Hochschule für Kirchenmusik der Evangelischen Landeskirche in Württemberg;Künstlerische Hochschulen;kirchlich, staatlich anerkannt;Baden-Württemberg;19;1945;Nein;Nein;Gartenstraße 12;72074;Tübingen;http://www.kirchenmusikhochschule.de
Tübingen U;Eberhard Karls Universität Tübingen;Universitäten;öffentlich-rechtlich;Baden-Württemberg;28239;1477;Ja;Ja;Geschwister-Scholl-Platz;72074;Tübingen;http://www.uni-tuebingen.de
Ulm TH;Technische Hochschule Ulm;Fachhochschulen / HAW;öffentlich-rechtlich;Baden-Württemberg;2966;1960;Nein;Nein;Prittwitzstraße 10;89075;Ulm;http://www.thu.de
Ulm U;Universität Ulm;Universitäten;öffentlich-rechtlich;Baden-Württemberg;9978;1967;Ja;Ja;Albert-Einstein-Allee 11;89081;Ulm;http://www.uni-ulm.de
Vallendar VP-Uni;Vinzenz Pallotti University - kirchlich und staatlich anerkannte wissenschaftliche Hochschule in freier Trägerschaft;Universitäten;kirchlich, staatlich anerkannt;Rheinland-Pfalz;254;1896;Ja;Ja;Pallottistraße 3;56179;Vallendar;https://vp-uni.de/
Vallendar WHU;WHU - Otto Beisheim School of Management;Universitäten;privat, staatlich anerkannt;Rheinland-Pfalz;1961;1984;Ja;Ja;Burgplatz 2;56179;Vallendar;http://www.whu.edu
Vechta/Diepholz PHWT;Private Hochschule für Wirtschaft und Technik Vechta/Diepholz;Fachhochschulen / HAW;privat, staatlich anerkannt;Niedersachsen;517;1998;Nein;Nein;Rombergstraße 40;49377;Vechta;https://www.phwt.de
Vechta U;Universität Vechta;Universitäten;öffentlich-rechtlich;Niedersachsen;3714;1995;Ja;Ja;Driverstraße 22;49377;Vechta;http://www.uni-vechta.de
Wedel FH;Fachhochschule Wedel;Fachhochschulen / HAW;privat, staatlich anerkannt;Schleswig-Holstein;1128;1948;Nein;Nein;Feldstraße 143;22880;Wedel;http://www.fh-wedel.de
Weihenstephan-Triesdorf H;Hochschule für angewandte Wissenschaften Weihenstephan-Triesdorf;Fachhochschulen / HAW;öffentlich-rechtlich;Bayern;5692;1971;Nein;Nein;Am Hofgarten 4;85354;Freising;https://www.hswt.de/
Weimar HfM;Hochschule für Musik Franz Liszt Weimar;Künstlerische Hochschulen;öffentlich-rechtlich;Thüringen;752;1872;Ja;Nein;Platz der Demokratie 2/3;99423;Weimar;http://www.hfm-weimar.de
Weimar U;Bauhaus-Universität Weimar;Universitäten;öffentlich-rechtlich;Thüringen;3955;1860;Ja;Ja;Geschwister-Scholl-Straße 8;99423;Weimar;http://www.uni-weimar.de/studium
Weingarten PH;Pädagogische Hochschule Weingarten;Universitäten;öffentlich-rechtlich;Baden-Württemberg;3307;1949;Ja;Ja;Kirchplatz 2;88250;Weingarten;https://www.ph-weingarten.de/die-ph-weingarten/
Weserbergland H;Hochschule Weserbergland;Fachhochschulen / HAW;privat, staatlich anerkannt;Niedersachsen;443;2010;Nein;Nein;Am Stockhof 2;31785;Hameln;https://www.hsw-hameln.de
Westfälische H;Westfälische Hochschule Gelsenkirchen, Bocholt, Recklinghausen;Fachhochschulen / HAW;öffentlich-rechtlich;Nordrhein-Westfalen;7620;1992;Nein;Nein;Neidenburger Straße 43;45897;Gelsenkirchen;http://www.w-hs.de
Westküste FH;Fachhochschule Westküste, Hochschule für Wirtschaft und Technik;Fachhochschulen / HAW;öffentlich-rechtlich;Schleswig-Holstein;1572;1994;Nein;Nein;Fritz-Thiedemann-Ring 20;25746;Heide;http://www.fh-westkueste.de
Wiesbaden CFH;Charlotte Fresenius Hochschule;Universitäten;privat, staatlich anerkannt;Hessen;575;2021;Nein;Nein;Moritzstr. 17a;65185;Wiesbaden;https://www.charlotte-fresenius-uni.de/?crmid=aBbWvOcHiAaAaAaA
Wiesbaden EBS;EBS Universität für Wirtschaft und Recht;Universitäten;privat, staatlich anerkannt;Hessen;1719;1971;Ja;Ja;Gustav-Stresemann-Ring 3;65189;Wiesbaden;http://www.ebs.edu
Wildau TH;Technische Hochschule Wildau;Fachhochschulen / HAW;öffentlich-rechtlich;Brandenburg;3357;1991;Nein;Nein;Hochschulring 1;15745;Wildau;http://www.th-wildau.de/
Wilhelmshaven/Oldenburg/Elsfleth H;Jade Hochschule -  Wilhelmshaven/Oldenburg/Elsfleth;Fachhochschulen / HAW;öffentlich-rechtlich;Niedersachsen;6399;2009;Nein;Nein;Friedrich-Paffrath-Straße 101;26389;Wilhelmshaven;http://www.jade-hs.de
Wismar H;Hochschule Wismar - University of Applied Sciences: Technology, Business and Design;Fachhochschulen / HAW;öffentlich-rechtlich;Mecklenburg-Vorpommern;8048;1908;Nein;Nein;Philipp-Müller-Straße 14;23966;Wismar;https://www.hs-wismar.de
Witten/ Herdecke U;Private Universität Witten/Herdecke gGmbH;Universitäten;privat, staatlich anerkannt;Nordrhein-Westfalen;3011;1982;Ja;Ja;Alfred-Herrhausen-Str. 50;58448;Witten;https://www.uni-wh.de/
Worms H;Hochschule Worms, University of Applied Sciences;Fachhochschulen / HAW;öffentlich-rechtlich;Rheinland-Pfalz;3391;1996;Nein;Nein;Erenburgerstr. 19;67549;Worms;http://www.hs-worms.de
Wuppertal KiH;Kirchliche Hochschule Wuppertal;Universitäten;kirchlich, staatlich anerkannt;Nordrhein-Westfalen;177;1935;Ja;Ja;Missionsstraße 9 a/b;42285;Wuppertal;https://www.kiho-wuppertal.de/
Wuppertal U;Bergische Universität Wuppertal;Universitäten;öffentlich-rechtlich;Nordrhein-Westfalen;21289;1972;Ja;Ja;Gaußstraße 20;42119;Wuppertal;https://www.uni-wuppertal.de/de/
Würzburg HfM;Hochschule für Musik Würzburg;Künstlerische Hochschulen;öffentlich-rechtlich;Bayern;530;1804;Ja;Nein;Hofstallstraße 6-8;97070;Würzburg;http://www.hfm-wuerzburg.de
Würzburg-Schweinfurt TH;Technische Hochschule Würzburg-Schweinfurt;Fachhochschulen / HAW;öffentlich-rechtlich;Bayern;9250;1971;Nein;Nein;Münzstraße 12;97070;Würzburg;http://www.thws.de
Würzburg U;Julius-Maximilians-Universität Würzburg;Universitäten;öffentlich-rechtlich;Bayern;26126;1402;Ja;Ja;Sanderring 2;97070;Würzburg;http://www.uni-wuerzburg.de
Zittau/ Görlitz H;Hochschule Zittau/Görlitz;Fachhochschulen / HAW;öffentlich-rechtlich;Sachsen;2532;1992;Nein;Nein;Theodor-Körner-Allee 16;02763;Zittau;http://www.hszg.de/
Zwickau H;Westsächsische Hochschule Zwickau;Fachhochschulen / HAW;öffentlich-rechtlich;Sachsen;2931;1897;Nein;Nein;Kornmarkt 1;08056;Zwickau;http://www.fh-zwickau.de
